age,churn_prob,gender,installments,rate,value,client_id
61.0,0.99,1.0,72.0,1.6,27385.38,0
75.0,0.91,1.0,36.0,1.7,6438.02,1
63.0,0.91,0.0,72.0,1.5,36513.42,2
59.0,0.96,0.0,72.0,1.6,29091.45,3
57.0,0.92,1.0,72.0,1.5,52720.62,4
74.0,0.91,0.0,36.0,1.65,16053.01,5
66.0,0.96,0.0,72.0,1.65,16444.2,6
55.0,0.93,1.0,72.0,1.7,5529.04,7
69.0,0.99,1.0,48.0,1.7,843.77,8
59.0,0.97,1.0,72.0,1.7,6802.97,9
61.0,0.96,1.0,72.0,1.6,26230.86,10
62.0,0.97,1.0,72.0,1.5,33333.82,11
64.0,0.98,1.0,72.0,1.7,8505.19,12
63.0,0.9,1.0,72.0,1.65,12261.67,13
66.0,0.9,1.0,72.0,1.7,929.11,14
59.0,0.98,0.0,72.0,1.7,6974.04,15
66.0,0.93,1.0,72.0,1.7,7365.76,16
62.0,0.91,1.0,72.0,1.7,7253.32,17
75.0,0.96,0.0,36.0,1.7,8909.17,18
65.0,0.96,0.0,72.0,1.7,4049.99,19
73.0,0.99,1.0,36.0,1.7,1165.37,20
70.0,0.9,1.0,48.0,1.7,6073.18,21
60.0,0.88,1.0,72.0,1.7,1595.83,22
64.0,0.89,0.0,72.0,1.7,1113.56,23
61.0,0.92,1.0,72.0,1.7,1786.89,24
66.0,0.87,0.0,72.0,1.65,12944.38,25
71.0,0.94,0.0,48.0,1.65,11292.38,26
63.0,0.91,0.0,72.0,1.7,5882.22,27
72.0,0.92,1.0,48.0,1.7,5132.25,28
71.0,0.89,0.0,48.0,1.7,5924.74,29
62.0,0.88,0.0,72.0,1.7,2539.59,30
70.0,0.96,1.0,48.0,1.5,64578.17,31
72.0,0.94,1.0,48.0,1.7,7903.68,32
73.0,0.91,0.0,36.0,1.7,583.84,33
62.0,0.97,0.0,72.0,1.7,3674.07,34
67.0,0.95,0.0,48.0,1.7,867.93,35
64.0,0.87,0.0,72.0,1.7,2531.49,36
73.0,0.92,0.0,36.0,1.6,20338.74,37
58.0,0.98,1.0,72.0,1.7,7815.02,38
70.0,0.9,1.0,48.0,1.7,3004.4,39
63.0,0.97,0.0,72.0,1.65,15838.77,40
65.0,0.93,0.0,72.0,1.7,3082.98,41
74.0,0.87,0.0,36.0,1.65,10870.39,42
64.0,0.94,1.0,72.0,1.6,29112.39,43
71.0,0.89,0.0,48.0,1.7,1988.78,44
71.0,0.98,1.0,48.0,1.7,6101.92,45
72.0,0.91,1.0,48.0,1.65,15174.52,46
57.0,0.98,1.0,72.0,1.7,2326.96,47
64.0,0.88,0.0,72.0,1.7,6034.86,48
67.0,0.98,0.0,48.0,1.7,7417.39,49
68.0,0.95,1.0,48.0,1.7,6828.02,50
73.0,0.89,1.0,36.0,1.6,25957.44,51
75.0,0.99,0.0,36.0,1.7,5290.87,52
68.0,0.94,1.0,48.0,1.7,1325.95,53
63.0,0.93,0.0,72.0,1.7,3013.28,54
66.0,0.91,0.0,72.0,1.65,16799.51,55
74.0,0.98,1.0,36.0,1.7,7747.52,56
70.0,0.96,1.0,48.0,1.7,9563.91,57
67.0,0.95,1.0,48.0,1.65,19344.59,58
72.0,0.98,1.0,48.0,1.7,7819.81,59
61.0,0.97,0.0,72.0,1.7,5734.0,60
75.0,0.98,1.0,36.0,1.7,7834.3,61
74.0,0.97,0.0,36.0,1.7,8976.03,62
70.0,0.92,0.0,48.0,1.65,11014.95,63
57.0,0.96,0.0,72.0,1.7,3587.51,64
56.0,0.95,1.0,72.0,1.7,8549.88,65
72.0,0.93,0.0,48.0,1.65,18587.15,66
59.0,0.95,0.0,72.0,1.6,24960.16,67
71.0,0.95,1.0,48.0,1.7,2433.32,68
75.0,0.91,1.0,36.0,1.7,5826.67,69
73.0,0.98,0.0,36.0,1.7,1162.26,70
58.0,0.95,0.0,72.0,1.7,7141.29,71
64.0,0.93,0.0,72.0,1.7,9177.69,72
70.0,0.97,1.0,48.0,1.7,4810.75,73
59.0,0.98,1.0,72.0,1.7,3880.05,74
67.0,0.89,0.0,48.0,1.7,6408.27,75
71.0,0.92,0.0,48.0,1.7,7117.83,76
67.0,0.94,0.0,48.0,1.7,5549.9,77
71.0,0.92,0.0,48.0,1.7,4638.42,78
70.0,0.88,0.0,48.0,1.7,3705.58,79
74.0,0.98,0.0,36.0,1.7,1391.91,80
73.0,0.97,1.0,36.0,1.65,12152.06,81
68.0,0.95,1.0,48.0,1.7,1542.75,82
58.0,0.95,0.0,72.0,1.7,3472.62,83
57.0,0.96,0.0,72.0,1.7,6140.77,84
59.0,0.95,1.0,72.0,1.7,8964.55,85
62.0,0.9,0.0,72.0,1.7,1126.52,86
59.0,0.87,0.0,72.0,1.7,1039.26,87
63.0,0.89,0.0,72.0,1.65,14031.52,88
60.0,0.89,1.0,72.0,1.7,6891.11,89
67.0,0.92,0.0,48.0,1.65,15206.63,90
58.0,0.95,0.0,72.0,1.7,8985.18,91
55.0,0.91,1.0,72.0,1.7,6853.65,92
70.0,0.95,1.0,48.0,1.65,11867.9,93
69.0,0.9,1.0,48.0,1.65,14045.98,94
67.0,0.95,0.0,48.0,1.6,28961.58,95
74.0,0.9,1.0,36.0,1.7,7930.42,96
68.0,0.91,0.0,48.0,1.65,17267.76,97
70.0,0.95,1.0,48.0,1.7,7472.83,98
58.0,0.94,1.0,72.0,1.7,5046.32,99
72.0,0.95,1.0,48.0,1.7,3439.67,100
72.0,0.97,0.0,48.0,1.7,9181.66,101
56.0,0.93,1.0,72.0,1.7,5851.13,102
63.0,0.94,1.0,72.0,1.7,4884.93,103
63.0,0.88,1.0,72.0,1.7,610.97,104
68.0,0.93,1.0,48.0,1.65,16202.77,105
66.0,0.9,1.0,72.0,1.7,4980.83,106
67.0,0.89,0.0,48.0,1.7,8128.77,107
68.0,0.87,1.0,48.0,1.7,8681.18,108
57.0,0.89,0.0,72.0,1.7,2769.88,109
64.0,0.95,1.0,72.0,1.65,18034.68,110
56.0,0.93,0.0,72.0,1.7,5640.72,111
63.0,0.9,1.0,72.0,1.7,903.69,112
65.0,0.97,1.0,72.0,1.7,8804.16,113
57.0,0.97,0.0,72.0,1.7,3896.57,114
62.0,0.94,1.0,72.0,1.65,14034.4,115
73.0,0.97,1.0,36.0,1.7,9685.53,116
63.0,0.87,0.0,72.0,1.7,3286.78,117
55.0,0.97,1.0,72.0,1.7,7022.54,118
71.0,0.89,0.0,48.0,1.6,24060.27,119
63.0,0.99,1.0,72.0,1.7,9986.39,120
73.0,0.91,1.0,36.0,1.7,8887.53,121
56.0,0.93,1.0,72.0,1.7,3276.37,122
69.0,0.89,1.0,48.0,1.5,46187.37,123
71.0,0.95,1.0,48.0,1.7,1187.4,124
70.0,0.94,0.0,48.0,1.7,9989.6,125
61.0,0.95,1.0,72.0,1.65,16211.38,126
67.0,0.98,1.0,48.0,1.65,14195.48,127
66.0,0.98,1.0,72.0,1.7,1036.02,128
61.0,0.96,0.0,72.0,1.6,23867.06,129
74.0,0.99,0.0,36.0,1.7,6531.95,130
62.0,0.87,0.0,72.0,1.7,4631.51,131
62.0,0.96,1.0,72.0,1.7,4440.32,132
58.0,0.91,1.0,72.0,1.7,501.88,133
62.0,0.91,1.0,72.0,1.7,956.58,134
64.0,0.96,1.0,72.0,1.7,8730.56,135
68.0,0.98,1.0,48.0,1.7,5717.99,136
70.0,0.95,1.0,48.0,1.65,15607.49,137
63.0,0.96,1.0,72.0,1.7,8168.86,138
71.0,0.9,1.0,48.0,1.65,11496.92,139
65.0,0.88,1.0,72.0,1.65,11017.03,140
56.0,0.98,1.0,72.0,1.65,10876.8,141
67.0,0.99,1.0,48.0,1.65,10003.5,142
64.0,0.96,0.0,72.0,1.6,22589.25,143
61.0,0.97,0.0,72.0,1.7,4904.83,144
64.0,0.96,1.0,72.0,1.7,7656.59,145
68.0,0.94,1.0,48.0,1.65,18700.52,146
61.0,0.88,1.0,72.0,1.7,7011.74,147
68.0,0.99,1.0,48.0,1.7,9585.56,148
56.0,0.91,1.0,72.0,1.7,9230.65,149
69.0,0.87,0.0,48.0,1.7,678.46,150
74.0,0.96,0.0,36.0,1.7,6112.43,151
61.0,0.89,1.0,72.0,1.7,5842.85,152
59.0,0.92,1.0,72.0,1.7,9622.3,153
55.0,0.97,1.0,72.0,1.7,9790.85,154
66.0,0.99,1.0,72.0,1.5,48627.32,155
62.0,0.95,1.0,72.0,1.65,12606.15,156
75.0,0.92,0.0,36.0,1.7,8892.77,157
74.0,0.92,1.0,36.0,1.7,2990.89,158
66.0,0.89,1.0,72.0,1.7,1199.54,159
57.0,0.97,0.0,72.0,1.65,12244.63,160
73.0,0.93,1.0,36.0,1.7,9737.97,161
59.0,0.97,1.0,72.0,1.6,24871.8,162
71.0,0.89,0.0,48.0,1.7,4842.4,163
68.0,0.95,0.0,48.0,1.65,11902.28,164
59.0,0.98,1.0,72.0,1.7,4559.21,165
67.0,0.95,1.0,48.0,1.7,1072.75,166
68.0,0.91,1.0,48.0,1.65,11881.97,167
61.0,0.88,1.0,72.0,1.7,2109.45,168
57.0,0.94,1.0,72.0,1.7,4392.82,169
74.0,0.93,1.0,36.0,1.65,18589.87,170
67.0,0.94,0.0,48.0,1.7,6573.08,171
56.0,0.94,1.0,72.0,1.7,1765.29,172
71.0,0.89,0.0,48.0,1.65,12587.88,173
75.0,0.98,0.0,36.0,1.6,21732.96,174
68.0,0.89,1.0,48.0,1.7,4709.09,175
64.0,0.91,1.0,72.0,1.7,7061.39,176
59.0,0.95,1.0,72.0,1.7,3272.18,177
59.0,0.89,0.0,72.0,1.7,1984.88,178
72.0,0.99,0.0,48.0,1.65,19258.04,179
66.0,0.9,1.0,72.0,1.7,3610.89,180
56.0,0.95,1.0,72.0,1.7,9812.27,181
61.0,0.95,0.0,72.0,1.7,3203.94,182
74.0,0.96,1.0,36.0,1.7,5013.5,183
72.0,0.97,1.0,48.0,1.7,4953.4,184
70.0,0.97,1.0,48.0,1.7,9620.3,185
58.0,0.97,1.0,72.0,1.7,2202.51,186
57.0,0.96,0.0,72.0,1.7,5205.43,187
56.0,0.92,1.0,72.0,1.65,10164.02,188
73.0,0.98,1.0,36.0,1.7,6689.62,189
59.0,0.97,1.0,72.0,1.7,7931.26,190
55.0,0.94,1.0,72.0,1.7,6968.02,191
57.0,0.89,1.0,72.0,1.65,14862.26,192
59.0,0.92,0.0,72.0,1.7,3438.56,193
72.0,0.88,0.0,48.0,1.7,9254.45,194
75.0,0.92,1.0,36.0,1.7,8118.7,195
57.0,0.91,1.0,72.0,1.65,14583.12,196
74.0,0.9,1.0,36.0,1.65,16423.67,197
69.0,0.88,0.0,48.0,1.7,9977.85,198
60.0,0.97,1.0,72.0,1.7,3951.44,199
70.0,0.96,0.0,48.0,1.65,11578.21,200
60.0,0.98,1.0,72.0,1.65,12935.96,201
58.0,0.89,1.0,72.0,1.5,63329.22,202
72.0,0.94,0.0,48.0,1.7,1406.33,203
65.0,0.99,0.0,72.0,1.65,12628.46,204
70.0,0.95,0.0,48.0,1.6,24170.0,205
65.0,0.92,1.0,72.0,1.65,17444.57,206
56.0,0.96,0.0,72.0,1.7,6474.69,207
62.0,0.89,1.0,72.0,1.7,526.91,208
73.0,0.92,1.0,36.0,1.65,12550.2,209
56.0,0.87,0.0,72.0,1.7,1397.79,210
67.0,0.93,1.0,48.0,1.7,6612.85,211
67.0,0.96,0.0,48.0,1.7,3983.83,212
62.0,0.92,0.0,72.0,1.7,4136.98,213
70.0,0.9,0.0,48.0,1.7,3736.95,214
71.0,0.91,0.0,48.0,1.7,8696.29,215
63.0,0.88,0.0,72.0,1.7,6082.35,216
64.0,0.92,0.0,72.0,1.7,4000.28,217
72.0,0.95,1.0,48.0,1.7,1259.05,218
75.0,0.92,0.0,36.0,1.5,39477.93,219
59.0,0.89,1.0,72.0,1.7,3057.81,220
62.0,0.98,1.0,72.0,1.65,19381.35,221
58.0,0.95,1.0,72.0,1.6,24767.27,222
68.0,0.89,0.0,48.0,1.7,5799.91,223
60.0,0.89,0.0,72.0,1.7,2109.53,224
56.0,0.9,1.0,72.0,1.7,6396.41,225
64.0,0.94,1.0,72.0,1.7,3263.52,226
75.0,0.9,1.0,36.0,1.65,18518.3,227
71.0,0.94,0.0,48.0,1.5,55980.86,228
62.0,0.92,0.0,72.0,1.6,22081.09,229
69.0,0.95,1.0,48.0,1.7,9438.14,230
74.0,0.9,1.0,36.0,1.7,4369.4,231
59.0,0.93,0.0,72.0,1.7,7983.21,232
68.0,0.89,1.0,48.0,1.7,5926.18,233
66.0,0.88,1.0,72.0,1.7,7464.08,234
69.0,0.87,1.0,48.0,1.65,14155.19,235
66.0,0.99,1.0,72.0,1.7,2517.03,236
64.0,0.96,1.0,72.0,1.7,5760.23,237
57.0,0.94,0.0,72.0,1.7,9192.21,238
71.0,0.88,1.0,48.0,1.65,18341.17,239
66.0,0.93,1.0,72.0,1.65,13480.12,240
69.0,0.87,1.0,48.0,1.7,8861.88,241
68.0,0.93,0.0,48.0,1.65,17476.82,242
71.0,0.9,1.0,48.0,1.5,35994.1,243
59.0,0.99,1.0,72.0,1.65,15815.92,244
66.0,0.89,0.0,72.0,1.7,5513.9,245
67.0,0.91,1.0,48.0,1.65,17846.08,246
73.0,0.98,0.0,36.0,1.7,8956.44,247
66.0,0.93,0.0,72.0,1.7,5652.56,248
56.0,0.92,0.0,72.0,1.65,11309.2,249
74.0,0.92,0.0,36.0,1.7,3727.36,250
68.0,0.94,0.0,48.0,1.7,5734.16,251
57.0,0.9,1.0,72.0,1.6,23493.29,252
69.0,0.99,0.0,48.0,1.7,6669.99,253
59.0,0.92,1.0,72.0,1.65,18304.18,254
62.0,0.91,1.0,72.0,1.7,2340.38,255
57.0,0.97,0.0,72.0,1.7,1331.2,256
56.0,0.89,1.0,72.0,1.7,3283.39,257
59.0,0.92,0.0,72.0,1.7,4733.96,258
60.0,0.89,1.0,72.0,1.65,12885.99,259
67.0,0.98,1.0,48.0,1.7,7049.94,260
72.0,0.87,0.0,48.0,1.65,17995.89,261
67.0,0.95,1.0,48.0,1.65,13921.76,262
59.0,0.93,0.0,72.0,1.7,8400.4,263
60.0,0.98,1.0,72.0,1.7,1302.77,264
63.0,0.98,0.0,72.0,1.6,20368.79,265
60.0,0.91,1.0,72.0,1.7,4455.47,266
74.0,0.95,0.0,36.0,1.65,18945.8,267
68.0,0.96,1.0,48.0,1.7,780.77,268
57.0,0.9,1.0,72.0,1.65,16233.08,269
73.0,0.88,1.0,36.0,1.65,15365.89,270
55.0,0.92,1.0,72.0,1.6,27315.04,271
66.0,0.88,1.0,72.0,1.6,29695.11,272
56.0,0.94,1.0,72.0,1.7,9245.61,273
64.0,0.97,0.0,72.0,1.65,19025.25,274
75.0,0.95,0.0,36.0,1.65,16385.98,275
65.0,0.98,1.0,72.0,1.7,1006.5,276
64.0,0.92,1.0,72.0,1.7,4414.71,277
74.0,0.93,0.0,36.0,1.7,3576.04,278
69.0,0.9,0.0,48.0,1.7,7242.97,279
66.0,0.89,1.0,72.0,1.5,30581.89,280
55.0,0.96,0.0,72.0,1.7,5329.06,281
60.0,0.94,0.0,72.0,1.7,4350.99,282
73.0,0.89,1.0,36.0,1.7,1890.47,283
61.0,0.96,1.0,72.0,1.7,2345.14,284
67.0,0.95,1.0,48.0,1.65,11188.44,285
68.0,0.95,1.0,48.0,1.6,29067.77,286
74.0,0.96,1.0,36.0,1.7,8660.73,287
71.0,0.95,1.0,48.0,1.6,22315.2,288
57.0,0.95,0.0,72.0,1.7,8921.01,289
73.0,0.9,1.0,36.0,1.65,11792.09,290
62.0,0.95,1.0,72.0,1.65,13261.22,291
70.0,0.91,1.0,48.0,1.7,5272.18,292
61.0,0.91,1.0,72.0,1.7,6845.11,293
58.0,0.91,0.0,72.0,1.7,9352.27,294
66.0,0.92,1.0,72.0,1.65,14177.41,295
61.0,0.98,1.0,72.0,1.65,19661.47,296
64.0,0.98,0.0,72.0,1.6,29293.11,297
59.0,0.97,1.0,72.0,1.7,5418.9,298
72.0,0.95,0.0,48.0,1.5,43171.57,299
66.0,0.97,0.0,72.0,1.7,8528.39,300
73.0,0.9,0.0,36.0,1.7,1881.31,301
67.0,0.93,0.0,48.0,1.7,7375.53,302
60.0,0.98,1.0,72.0,1.7,3271.47,303
58.0,0.94,1.0,72.0,1.7,9120.36,304
67.0,0.93,1.0,48.0,1.7,3143.88,305
66.0,0.91,0.0,72.0,1.65,10875.71,306
66.0,0.91,0.0,72.0,1.7,3381.27,307
58.0,0.99,1.0,72.0,1.5,67470.8,308
59.0,0.87,0.0,72.0,1.65,16308.42,309
69.0,0.88,1.0,48.0,1.7,6116.17,310
74.0,0.95,1.0,36.0,1.7,9447.22,311
59.0,0.9,1.0,72.0,1.7,1620.17,312
66.0,0.95,0.0,72.0,1.7,1596.75,313
72.0,0.94,0.0,48.0,1.7,4271.76,314
65.0,0.88,1.0,72.0,1.6,24777.42,315
71.0,0.96,1.0,48.0,1.7,1881.61,316
69.0,0.9,0.0,48.0,1.7,3150.03,317
60.0,0.96,1.0,72.0,1.7,8674.14,318
65.0,0.87,1.0,72.0,1.6,24140.38,319
59.0,0.88,1.0,72.0,1.7,6570.88,320
67.0,0.89,1.0,48.0,1.7,5086.63,321
63.0,0.94,1.0,72.0,1.7,4922.53,322
63.0,0.91,1.0,72.0,1.7,7914.57,323
73.0,0.99,1.0,36.0,1.7,8809.59,324
70.0,0.92,1.0,48.0,1.7,7652.72,325
65.0,0.91,1.0,72.0,1.65,13614.83,326
66.0,0.92,0.0,72.0,1.7,8022.27,327
67.0,0.89,0.0,48.0,1.5,34511.02,328
66.0,0.94,0.0,72.0,1.7,5325.23,329
67.0,0.94,0.0,48.0,1.7,1553.69,330
66.0,0.93,1.0,72.0,1.65,14240.04,331
72.0,0.9,0.0,48.0,1.7,6751.58,332
61.0,0.98,1.0,72.0,1.65,12634.06,333
66.0,0.91,1.0,72.0,1.65,11202.52,334
59.0,0.87,1.0,72.0,1.65,18765.28,335
70.0,0.98,1.0,48.0,1.7,3754.96,336
64.0,0.88,1.0,72.0,1.7,7504.82,337
56.0,0.91,0.0,72.0,1.7,2249.96,338
55.0,0.98,1.0,72.0,1.7,4427.38,339
74.0,0.89,1.0,36.0,1.7,3358.72,340
63.0,0.98,1.0,72.0,1.7,4425.99,341
57.0,0.89,1.0,72.0,1.7,9067.21,342
73.0,0.88,0.0,36.0,1.7,2953.48,343
66.0,0.94,1.0,72.0,1.7,1799.55,344
61.0,0.93,1.0,72.0,1.7,575.8,345
68.0,0.98,1.0,48.0,1.7,9387.32,346
64.0,0.91,0.0,72.0,1.7,9091.82,347
64.0,0.97,0.0,72.0,1.6,23684.13,348
66.0,0.93,1.0,72.0,1.6,24901.24,349
75.0,0.89,1.0,36.0,1.5,65734.19,350
60.0,0.99,0.0,72.0,1.6,26309.05,351
68.0,0.93,1.0,48.0,1.7,3664.4,352
66.0,0.92,0.0,72.0,1.7,6221.45,353
61.0,0.93,0.0,72.0,1.7,7600.98,354
73.0,0.92,1.0,36.0,1.7,688.43,355
74.0,0.95,1.0,36.0,1.7,6184.08,356
64.0,0.95,0.0,72.0,1.65,13430.18,357
65.0,0.89,1.0,72.0,1.65,13615.11,358
58.0,0.95,1.0,72.0,1.7,6791.87,359
56.0,0.96,0.0,72.0,1.7,8638.34,360
55.0,0.95,0.0,72.0,1.6,25672.52,361
59.0,0.96,0.0,72.0,1.65,19253.22,362
70.0,0.95,1.0,48.0,1.7,1861.6,363
74.0,0.92,0.0,36.0,1.7,6940.58,364
59.0,0.93,1.0,72.0,1.5,50891.98,365
64.0,0.96,1.0,72.0,1.7,576.86,366
68.0,0.88,1.0,48.0,1.65,10356.79,367
58.0,0.89,1.0,72.0,1.7,5542.11,368
73.0,0.9,1.0,36.0,1.7,1255.86,369
57.0,0.96,1.0,72.0,1.7,7604.21,370
65.0,0.97,1.0,72.0,1.7,3823.43,371
68.0,0.88,1.0,48.0,1.7,2304.47,372
72.0,0.94,1.0,48.0,1.7,9138.25,373
73.0,0.99,1.0,36.0,1.7,6709.84,374
62.0,0.95,0.0,72.0,1.7,6799.73,375
73.0,0.97,1.0,36.0,1.7,9758.27,376
73.0,0.92,1.0,36.0,1.7,9547.51,377
57.0,0.97,0.0,72.0,1.6,28580.43,378
59.0,0.92,1.0,72.0,1.7,2269.49,379
68.0,0.87,0.0,48.0,1.7,6124.37,380
63.0,0.91,0.0,72.0,1.7,7297.82,381
69.0,0.89,0.0,48.0,1.7,5076.56,382
70.0,0.97,1.0,48.0,1.65,14065.53,383
67.0,0.92,1.0,48.0,1.65,10293.85,384
68.0,0.87,1.0,48.0,1.7,8364.94,385
64.0,0.98,0.0,72.0,1.7,3404.74,386
72.0,0.88,1.0,48.0,1.7,5644.64,387
64.0,0.93,1.0,72.0,1.65,15007.67,388
73.0,0.98,1.0,36.0,1.6,28284.58,389
69.0,0.93,1.0,48.0,1.65,15750.06,390
74.0,0.89,1.0,36.0,1.7,7508.78,391
67.0,0.88,0.0,48.0,1.65,13374.47,392
72.0,0.88,1.0,48.0,1.6,22760.63,393
58.0,0.99,1.0,72.0,1.7,2039.46,394
70.0,0.94,0.0,48.0,1.7,8320.94,395
70.0,0.88,0.0,48.0,1.6,22580.77,396
55.0,0.94,1.0,72.0,1.7,3078.81,397
61.0,0.91,1.0,72.0,1.7,2078.85,398
74.0,0.87,1.0,36.0,1.65,18036.73,399
66.0,0.94,0.0,72.0,1.7,5539.92,400
70.0,0.93,0.0,48.0,1.7,4299.58,401
56.0,0.91,1.0,72.0,1.7,1568.07,402
59.0,0.91,0.0,72.0,1.65,15148.19,403
73.0,0.94,1.0,36.0,1.7,878.84,404
73.0,0.88,1.0,36.0,1.65,17975.84,405
66.0,0.98,1.0,72.0,1.7,8528.35,406
63.0,0.96,1.0,72.0,1.65,11642.56,407
74.0,0.98,1.0,36.0,1.7,4692.72,408
66.0,0.94,1.0,72.0,1.6,22687.74,409
68.0,0.96,0.0,48.0,1.65,12098.26,410
71.0,0.89,1.0,48.0,1.65,17832.31,411
67.0,0.93,1.0,48.0,1.7,3917.07,412
65.0,0.97,0.0,72.0,1.7,7681.07,413
57.0,0.98,0.0,72.0,1.7,3680.52,414
62.0,0.88,1.0,72.0,1.6,28413.89,415
57.0,0.92,0.0,72.0,1.65,19412.46,416
71.0,0.9,1.0,48.0,1.7,2355.65,417
67.0,0.96,1.0,48.0,1.7,3771.19,418
56.0,0.95,0.0,72.0,1.7,4141.21,419
65.0,0.87,0.0,72.0,1.7,7591.49,420
68.0,0.95,0.0,48.0,1.7,3262.91,421
73.0,0.88,0.0,36.0,1.7,9725.17,422
73.0,0.91,0.0,36.0,1.7,2590.14,423
61.0,0.88,1.0,72.0,1.7,1205.48,424
59.0,0.93,1.0,72.0,1.6,23208.0,425
64.0,0.87,1.0,72.0,1.7,9782.8,426
57.0,0.96,1.0,72.0,1.65,17557.73,427
69.0,0.92,1.0,48.0,1.7,3071.57,428
55.0,0.9,1.0,72.0,1.7,5844.61,429
70.0,0.96,0.0,48.0,1.65,16095.81,430
71.0,0.96,0.0,48.0,1.6,25995.69,431
67.0,0.91,0.0,48.0,1.7,3726.97,432
65.0,0.89,1.0,72.0,1.5,49926.14,433
62.0,0.95,0.0,72.0,1.7,7349.36,434
67.0,0.92,1.0,48.0,1.7,6418.29,435
61.0,0.97,1.0,72.0,1.65,17694.22,436
71.0,0.89,1.0,48.0,1.7,9673.34,437
60.0,0.99,0.0,72.0,1.7,3850.74,438
56.0,0.89,1.0,72.0,1.65,14544.9,439
64.0,0.97,0.0,72.0,1.7,8806.99,440
66.0,0.97,1.0,72.0,1.7,2891.84,441
69.0,0.89,1.0,48.0,1.7,5168.69,442
73.0,0.9,0.0,36.0,1.7,9498.02,443
65.0,0.94,1.0,72.0,1.65,10805.7,444
68.0,0.97,1.0,48.0,1.6,25299.56,445
66.0,0.98,0.0,72.0,1.7,4047.24,446
62.0,0.88,1.0,72.0,1.7,9972.13,447
56.0,0.95,0.0,72.0,1.7,6587.69,448
70.0,0.94,1.0,48.0,1.7,741.19,449
67.0,0.95,0.0,48.0,1.7,3305.13,450
70.0,0.97,0.0,48.0,1.65,18971.31,451
61.0,0.96,0.0,72.0,1.7,6755.27,452
63.0,0.94,1.0,72.0,1.6,21857.83,453
61.0,0.93,0.0,72.0,1.7,4584.01,454
70.0,0.93,0.0,48.0,1.7,9796.97,455
60.0,0.92,1.0,72.0,1.7,3450.67,456
61.0,0.89,1.0,72.0,1.7,5976.27,457
64.0,0.93,0.0,72.0,1.7,2093.53,458
74.0,0.94,1.0,36.0,1.7,6765.6,459
57.0,0.93,1.0,72.0,1.65,16383.13,460
74.0,0.93,1.0,36.0,1.6,20793.77,461
55.0,0.92,0.0,72.0,1.7,7605.67,462
55.0,0.97,0.0,72.0,1.7,596.23,463
61.0,0.89,1.0,72.0,1.7,1352.52,464
75.0,0.98,1.0,36.0,1.7,4126.72,465
63.0,0.95,1.0,72.0,1.65,19151.48,466
61.0,0.88,1.0,72.0,1.7,2709.19,467
72.0,0.9,0.0,48.0,1.7,732.26,468
68.0,0.98,1.0,48.0,1.6,28228.4,469
65.0,0.91,1.0,72.0,1.7,7262.79,470
66.0,0.93,1.0,72.0,1.7,4601.51,471
58.0,0.87,1.0,72.0,1.7,4581.14,472
59.0,0.97,0.0,72.0,1.5,63191.53,473
57.0,0.9,0.0,72.0,1.65,17631.86,474
61.0,0.96,1.0,72.0,1.5,62641.01,475
74.0,0.98,0.0,36.0,1.7,8253.37,476
69.0,0.87,1.0,48.0,1.7,5378.88,477
73.0,0.96,1.0,36.0,1.7,2825.86,478
62.0,0.92,0.0,72.0,1.7,2861.61,479
67.0,0.98,1.0,48.0,1.6,23941.54,480
57.0,0.94,1.0,72.0,1.7,1916.18,481
56.0,0.96,0.0,72.0,1.7,2368.94,482
70.0,0.91,1.0,48.0,1.65,14742.72,483
60.0,0.87,0.0,72.0,1.7,2272.3,484
70.0,0.94,0.0,48.0,1.7,9702.46,485
65.0,0.91,0.0,72.0,1.5,63836.49,486
67.0,0.91,0.0,48.0,1.7,2480.93,487
71.0,0.96,1.0,48.0,1.65,13817.2,488
56.0,0.9,1.0,72.0,1.7,4849.12,489
74.0,0.9,1.0,36.0,1.7,9657.97,490
63.0,0.95,1.0,72.0,1.6,22375.73,491
61.0,0.9,0.0,72.0,1.5,47856.04,492
61.0,0.95,0.0,72.0,1.65,15472.37,493
62.0,0.89,1.0,72.0,1.7,1672.73,494
63.0,0.91,1.0,72.0,1.7,5668.38,495
58.0,0.92,0.0,72.0,1.7,4478.93,496
58.0,0.88,0.0,72.0,1.65,13967.8,497
61.0,0.9,0.0,72.0,1.7,8350.08,498
64.0,0.94,1.0,72.0,1.7,5510.59,499
71.0,0.94,1.0,48.0,1.7,1094.69,500
63.0,0.9,1.0,72.0,1.7,5317.35,501
74.0,0.87,0.0,36.0,1.7,7315.82,502
73.0,0.87,1.0,36.0,1.7,5607.76,503
64.0,0.87,0.0,72.0,1.7,9870.42,504
75.0,0.9,1.0,36.0,1.7,6074.07,505
74.0,0.92,1.0,36.0,1.7,5453.33,506
57.0,0.9,1.0,72.0,1.7,9323.39,507
57.0,0.94,1.0,72.0,1.65,19964.46,508
64.0,0.98,0.0,72.0,1.7,8671.23,509
72.0,0.9,1.0,48.0,1.6,23487.19,510
62.0,0.98,0.0,72.0,1.7,9181.87,511
65.0,0.92,0.0,72.0,1.65,16539.59,512
59.0,0.97,1.0,72.0,1.7,9997.67,513
63.0,0.95,1.0,72.0,1.7,7528.38,514
66.0,0.98,0.0,72.0,1.65,15358.11,515
59.0,0.93,1.0,72.0,1.65,16882.74,516
74.0,0.92,0.0,36.0,1.7,4134.45,517
57.0,0.87,1.0,72.0,1.6,22660.29,518
63.0,0.93,0.0,72.0,1.7,9831.44,519
72.0,0.89,0.0,48.0,1.6,22967.39,520
61.0,0.89,0.0,72.0,1.7,4362.16,521
74.0,0.99,1.0,36.0,1.65,13184.72,522
60.0,0.97,1.0,72.0,1.65,17517.25,523
68.0,0.89,0.0,48.0,1.7,780.47,524
69.0,0.93,1.0,48.0,1.5,52763.49,525
59.0,0.9,1.0,72.0,1.7,4764.15,526
72.0,0.98,1.0,48.0,1.7,9430.4,527
59.0,0.89,0.0,72.0,1.65,12893.36,528
63.0,0.93,1.0,72.0,1.65,18335.76,529
65.0,0.88,0.0,72.0,1.6,28888.33,530
55.0,0.88,1.0,72.0,1.6,25784.16,531
74.0,0.9,1.0,36.0,1.7,5726.18,532
70.0,0.97,1.0,48.0,1.7,5637.48,533
58.0,0.91,0.0,72.0,1.7,2655.86,534
63.0,0.98,1.0,72.0,1.65,12283.21,535
74.0,0.97,1.0,36.0,1.65,18426.75,536
65.0,0.93,0.0,72.0,1.65,19173.63,537
58.0,0.9,0.0,72.0,1.7,8829.76,538
57.0,0.91,1.0,72.0,1.6,24044.0,539
56.0,0.97,0.0,72.0,1.7,7778.42,540
60.0,0.96,1.0,72.0,1.7,2767.78,541
70.0,0.92,1.0,48.0,1.7,5031.33,542
72.0,0.95,1.0,48.0,1.7,4312.91,543
61.0,0.96,1.0,72.0,1.7,7426.45,544
66.0,0.88,1.0,72.0,1.7,7592.92,545
60.0,0.97,0.0,72.0,1.65,14807.23,546
56.0,0.97,1.0,72.0,1.7,7194.14,547
61.0,0.98,0.0,72.0,1.7,3967.17,548
63.0,0.92,1.0,72.0,1.7,3921.65,549
57.0,0.88,0.0,72.0,1.7,904.79,550
63.0,0.99,0.0,72.0,1.7,9557.73,551
58.0,0.89,0.0,72.0,1.6,22327.13,552
59.0,0.94,0.0,72.0,1.7,5084.96,553
64.0,0.96,1.0,72.0,1.65,10603.69,554
68.0,0.95,0.0,48.0,1.7,620.92,555
55.0,0.88,0.0,72.0,1.7,6603.69,556
71.0,0.91,1.0,48.0,1.7,4344.38,557
56.0,0.97,1.0,72.0,1.7,4770.39,558
59.0,0.9,0.0,72.0,1.7,5257.34,559
60.0,0.95,1.0,72.0,1.7,4640.96,560
70.0,0.88,1.0,48.0,1.7,3857.14,561
62.0,0.96,0.0,72.0,1.65,18868.77,562
57.0,0.94,0.0,72.0,1.65,16851.47,563
60.0,0.94,1.0,72.0,1.7,2637.53,564
65.0,0.96,1.0,72.0,1.5,46925.15,565
62.0,0.94,0.0,72.0,1.7,6206.47,566
63.0,0.98,1.0,72.0,1.7,7336.23,567
56.0,0.96,1.0,72.0,1.7,6923.94,568
63.0,0.98,1.0,72.0,1.7,1635.35,569
64.0,0.88,1.0,72.0,1.65,11203.95,570
56.0,0.91,1.0,72.0,1.6,28708.82,571
63.0,0.87,1.0,72.0,1.65,18695.03,572
63.0,0.95,0.0,72.0,1.7,5575.89,573
69.0,0.9,1.0,48.0,1.65,17001.86,574
68.0,0.93,1.0,48.0,1.7,9602.84,575
61.0,0.96,1.0,72.0,1.65,11262.1,576
73.0,0.97,1.0,36.0,1.65,19738.66,577
71.0,0.94,0.0,48.0,1.7,1751.4,578
70.0,0.93,1.0,48.0,1.5,52860.69,579
67.0,0.9,0.0,48.0,1.7,6093.6,580
59.0,0.91,1.0,72.0,1.7,6590.87,581
69.0,0.98,0.0,48.0,1.6,26004.46,582
65.0,0.92,1.0,72.0,1.6,20646.56,583
70.0,0.91,0.0,48.0,1.7,9361.46,584
59.0,0.88,1.0,72.0,1.65,15790.21,585
56.0,0.87,1.0,72.0,1.7,8832.73,586
57.0,0.87,1.0,72.0,1.6,22544.17,587
67.0,0.93,0.0,48.0,1.65,12108.83,588
72.0,0.88,0.0,48.0,1.7,6362.13,589
56.0,0.95,1.0,72.0,1.7,6618.09,590
65.0,0.94,1.0,72.0,1.7,9372.4,591
67.0,0.92,1.0,48.0,1.7,1846.6,592
63.0,0.92,1.0,72.0,1.65,18964.82,593
70.0,0.89,0.0,48.0,1.7,4368.06,594
55.0,0.94,0.0,72.0,1.65,10534.77,595
57.0,0.88,0.0,72.0,1.7,7224.02,596
66.0,0.89,1.0,72.0,1.7,9491.33,597
72.0,0.9,0.0,48.0,1.6,27046.06,598
56.0,0.87,1.0,72.0,1.7,2899.35,599
62.0,0.95,1.0,72.0,1.7,5009.04,600
72.0,0.98,1.0,48.0,1.65,10865.64,601
60.0,0.92,0.0,72.0,1.7,3976.21,602
61.0,0.93,1.0,72.0,1.7,2982.64,603
74.0,0.94,1.0,36.0,1.7,2844.24,604
55.0,0.98,1.0,72.0,1.5,33963.78,605
72.0,0.87,1.0,48.0,1.7,4777.6,606
55.0,0.92,0.0,72.0,1.7,3533.25,607
70.0,0.95,1.0,48.0,1.7,4857.13,608
73.0,0.87,1.0,36.0,1.7,2619.34,609
63.0,0.89,1.0,72.0,1.7,1351.76,610
58.0,0.98,1.0,72.0,1.7,3468.9,611
63.0,0.91,1.0,72.0,1.7,712.23,612
60.0,0.95,1.0,72.0,1.7,4406.2,613
70.0,0.89,0.0,48.0,1.6,23355.04,614
64.0,0.9,1.0,72.0,1.7,8073.53,615
66.0,0.98,0.0,72.0,1.7,1205.03,616
70.0,0.89,0.0,48.0,1.7,9375.14,617
66.0,0.97,1.0,72.0,1.7,8025.83,618
61.0,0.89,0.0,72.0,1.7,4384.5,619
62.0,0.89,1.0,72.0,1.65,12666.07,620
57.0,0.98,0.0,72.0,1.7,9625.76,621
71.0,0.95,0.0,48.0,1.6,25572.2,622
64.0,0.87,0.0,72.0,1.65,18903.27,623
65.0,0.89,1.0,72.0,1.65,18796.94,624
59.0,0.89,0.0,72.0,1.7,6173.7,625
73.0,0.98,0.0,36.0,1.7,6134.64,626
56.0,0.91,0.0,72.0,1.7,4092.33,627
62.0,0.95,0.0,72.0,1.5,50711.61,628
75.0,0.94,1.0,36.0,1.6,21323.09,629
63.0,0.98,0.0,72.0,1.65,15977.39,630
65.0,0.97,1.0,72.0,1.6,27934.19,631
73.0,0.93,1.0,36.0,1.65,10094.47,632
67.0,0.89,1.0,48.0,1.65,18663.75,633
57.0,0.96,1.0,72.0,1.65,15421.17,634
65.0,0.99,1.0,72.0,1.7,7338.9,635
55.0,0.99,0.0,72.0,1.7,5490.55,636
71.0,0.98,1.0,48.0,1.7,1620.09,637
70.0,0.96,1.0,48.0,1.7,3625.93,638
66.0,0.94,1.0,72.0,1.6,20459.1,639
63.0,0.96,1.0,72.0,1.7,9059.32,640
72.0,0.95,0.0,48.0,1.7,7826.82,641
72.0,0.94,1.0,48.0,1.7,1032.62,642
66.0,0.87,1.0,72.0,1.7,988.97,643
61.0,0.98,0.0,72.0,1.7,7225.13,644
58.0,0.93,1.0,72.0,1.65,15299.32,645
61.0,0.89,1.0,72.0,1.7,9744.22,646
58.0,0.97,1.0,72.0,1.65,19125.18,647
57.0,0.9,0.0,72.0,1.65,14706.13,648
67.0,0.95,1.0,48.0,1.6,26950.13,649
66.0,0.94,0.0,72.0,1.65,15572.01,650
65.0,0.92,1.0,72.0,1.65,19765.46,651
68.0,0.89,1.0,48.0,1.6,21512.94,652
75.0,0.98,1.0,36.0,1.7,1269.05,653
75.0,0.99,1.0,36.0,1.7,8548.09,654
58.0,0.92,1.0,72.0,1.7,1349.03,655
64.0,0.88,1.0,72.0,1.7,7191.57,656
74.0,0.91,1.0,36.0,1.7,1451.3,657
63.0,0.97,0.0,72.0,1.7,4680.54,658
57.0,0.95,1.0,72.0,1.65,10643.53,659
60.0,0.88,0.0,72.0,1.7,3836.5,660
56.0,0.96,1.0,72.0,1.5,30822.34,661
67.0,0.89,1.0,48.0,1.7,7285.4,662
57.0,0.9,0.0,72.0,1.65,14821.78,663
56.0,0.94,1.0,72.0,1.65,16195.45,664
70.0,0.89,0.0,48.0,1.7,4669.52,665
64.0,0.93,1.0,72.0,1.7,767.38,666
73.0,0.9,0.0,36.0,1.7,603.31,667
67.0,0.92,1.0,48.0,1.7,3489.49,668
71.0,0.91,0.0,48.0,1.6,22381.19,669
67.0,0.97,1.0,48.0,1.7,5281.74,670
61.0,0.89,1.0,72.0,1.7,7625.3,671
69.0,0.89,0.0,48.0,1.7,2360.25,672
72.0,0.93,1.0,48.0,1.7,7788.29,673
64.0,0.94,1.0,72.0,1.7,4173.28,674
60.0,0.97,1.0,72.0,1.7,3665.69,675
74.0,0.87,1.0,36.0,1.7,4848.88,676
60.0,0.98,0.0,72.0,1.7,8016.73,677
72.0,0.91,1.0,48.0,1.7,3869.86,678
67.0,0.98,1.0,48.0,1.7,9983.11,679
61.0,0.96,0.0,72.0,1.6,25518.7,680
67.0,0.94,0.0,48.0,1.7,9205.59,681
67.0,0.9,1.0,48.0,1.65,13512.53,682
65.0,0.97,0.0,72.0,1.7,8048.09,683
58.0,0.88,0.0,72.0,1.65,15319.08,684
57.0,0.97,1.0,72.0,1.7,7280.38,685
71.0,0.95,1.0,48.0,1.7,9644.02,686
67.0,0.92,1.0,48.0,1.65,12923.96,687
61.0,0.93,1.0,72.0,1.65,13957.39,688
74.0,0.88,1.0,36.0,1.7,9818.69,689
66.0,0.87,0.0,72.0,1.7,7566.87,690
61.0,0.87,1.0,72.0,1.65,15714.48,691
63.0,0.92,1.0,72.0,1.7,1489.38,692
69.0,0.96,0.0,48.0,1.65,17380.05,693
63.0,0.98,1.0,72.0,1.6,21895.31,694
74.0,0.91,1.0,36.0,1.7,2222.85,695
58.0,0.96,1.0,72.0,1.7,1058.04,696
66.0,0.97,1.0,72.0,1.65,13928.37,697
67.0,0.9,1.0,48.0,1.5,66207.18,698
66.0,0.87,0.0,72.0,1.7,7433.11,699
74.0,0.96,0.0,36.0,1.65,12879.21,700
75.0,0.87,1.0,36.0,1.6,24402.73,701
68.0,0.91,0.0,48.0,1.65,11415.66,702
73.0,0.9,0.0,36.0,1.65,18673.57,703
65.0,0.88,1.0,72.0,1.6,26446.99,704
71.0,0.94,1.0,48.0,1.7,5768.56,705
70.0,0.94,0.0,48.0,1.7,3390.35,706
55.0,0.91,0.0,72.0,1.7,4535.86,707
56.0,0.9,1.0,72.0,1.7,8904.26,708
65.0,0.94,0.0,72.0,1.65,10163.26,709
71.0,0.88,0.0,48.0,1.65,12947.79,710
59.0,0.89,1.0,72.0,1.7,579.15,711
60.0,0.9,1.0,72.0,1.6,23256.75,712
74.0,0.92,1.0,36.0,1.7,1792.64,713
55.0,0.93,1.0,72.0,1.7,8317.08,714
63.0,0.96,0.0,72.0,1.7,7228.43,715
74.0,0.88,1.0,36.0,1.7,7166.34,716
61.0,0.98,0.0,72.0,1.7,7981.07,717
62.0,0.97,0.0,72.0,1.65,13081.9,718
64.0,0.95,1.0,72.0,1.7,6761.95,719
71.0,0.88,1.0,48.0,1.7,2962.88,720
59.0,0.91,1.0,72.0,1.7,3120.72,721
70.0,0.96,1.0,48.0,1.7,2847.22,722
68.0,0.96,1.0,48.0,1.7,6114.94,723
75.0,0.88,1.0,36.0,1.65,17020.89,724
59.0,0.99,1.0,72.0,1.6,21005.46,725
70.0,0.89,0.0,48.0,1.7,9146.35,726
65.0,0.94,0.0,72.0,1.65,14755.23,727
59.0,0.96,1.0,72.0,1.7,3964.21,728
68.0,0.88,0.0,48.0,1.7,1455.54,729
73.0,0.89,1.0,36.0,1.7,2344.51,730
60.0,0.99,1.0,72.0,1.7,7345.78,731
75.0,0.9,1.0,36.0,1.5,38272.11,732
59.0,0.89,0.0,72.0,1.6,21361.39,733
65.0,0.88,0.0,72.0,1.6,28997.14,734
67.0,0.98,1.0,48.0,1.7,6002.36,735
56.0,0.93,0.0,72.0,1.65,12411.42,736
62.0,0.93,1.0,72.0,1.7,4999.33,737
65.0,0.92,0.0,72.0,1.7,6904.33,738
62.0,0.98,1.0,72.0,1.65,19959.47,739
62.0,0.95,0.0,72.0,1.7,7577.43,740
64.0,0.87,0.0,72.0,1.7,4847.19,741
68.0,0.97,0.0,48.0,1.6,27250.72,742
69.0,0.96,1.0,48.0,1.7,2726.29,743
72.0,0.95,0.0,48.0,1.65,16243.16,744
60.0,0.99,1.0,72.0,1.7,5311.16,745
74.0,0.93,1.0,36.0,1.7,3479.18,746
62.0,0.93,1.0,72.0,1.7,5106.72,747
60.0,0.96,1.0,72.0,1.6,25958.24,748
67.0,0.91,0.0,48.0,1.7,4181.49,749
66.0,0.87,1.0,72.0,1.7,5438.32,750
57.0,0.89,1.0,72.0,1.7,3243.77,751
70.0,0.88,1.0,48.0,1.6,22843.86,752
55.0,0.92,0.0,72.0,1.65,17491.6,753
56.0,0.93,1.0,72.0,1.7,2657.42,754
71.0,0.88,0.0,48.0,1.7,8043.04,755
71.0,0.95,1.0,48.0,1.6,28026.23,756
69.0,0.91,0.0,48.0,1.7,6048.4,757
56.0,0.95,1.0,72.0,1.65,14288.55,758
57.0,0.92,1.0,72.0,1.7,1033.4,759
65.0,0.95,0.0,72.0,1.7,1476.89,760
64.0,0.92,0.0,72.0,1.7,4520.9,761
66.0,0.95,1.0,72.0,1.6,21027.21,762
68.0,0.9,1.0,48.0,1.7,619.8,763
71.0,0.92,1.0,48.0,1.7,4506.75,764
75.0,0.89,0.0,36.0,1.7,7821.21,765
59.0,0.96,0.0,72.0,1.7,9717.64,766
66.0,0.93,1.0,72.0,1.7,8861.26,767
63.0,0.95,1.0,72.0,1.6,25529.25,768
60.0,0.98,1.0,72.0,1.7,1894.85,769
71.0,0.94,1.0,48.0,1.65,10305.64,770
61.0,0.91,1.0,72.0,1.7,1958.78,771
59.0,0.92,1.0,72.0,1.7,6963.72,772
67.0,0.91,1.0,48.0,1.6,29836.02,773
73.0,0.98,1.0,36.0,1.7,8275.26,774
64.0,0.93,1.0,72.0,1.7,8820.81,775
58.0,0.87,0.0,72.0,1.7,4770.18,776
75.0,0.96,0.0,36.0,1.7,8940.05,777
66.0,0.94,1.0,72.0,1.7,5280.83,778
61.0,0.88,1.0,72.0,1.7,8169.33,779
60.0,0.91,0.0,72.0,1.7,1201.47,780
72.0,0.98,1.0,48.0,1.7,1550.93,781
65.0,0.98,1.0,72.0,1.6,23526.5,782
71.0,0.92,1.0,48.0,1.65,17698.51,783
69.0,0.9,1.0,48.0,1.7,8658.48,784
68.0,0.93,1.0,48.0,1.7,7598.98,785
66.0,0.94,1.0,72.0,1.65,10409.61,786
62.0,0.91,0.0,72.0,1.7,6571.6,787
73.0,0.98,0.0,36.0,1.65,16174.87,788
62.0,0.88,0.0,72.0,1.7,8091.02,789
59.0,0.96,0.0,72.0,1.7,7314.67,790
61.0,0.89,1.0,72.0,1.7,7277.17,791
66.0,0.99,0.0,72.0,1.65,10627.15,792
69.0,0.88,0.0,48.0,1.7,6200.94,793
58.0,0.95,0.0,72.0,1.65,10824.98,794
57.0,0.95,1.0,72.0,1.7,4133.87,795
65.0,0.94,1.0,72.0,1.7,4442.55,796
68.0,0.89,0.0,48.0,1.7,5013.97,797
56.0,0.91,1.0,72.0,1.7,3586.66,798
72.0,0.98,1.0,48.0,1.65,11483.99,799
75.0,0.94,1.0,36.0,1.65,11381.84,800
64.0,0.89,0.0,72.0,1.7,9201.24,801
65.0,0.88,0.0,72.0,1.7,8437.13,802
59.0,0.91,0.0,72.0,1.7,1540.4,803
60.0,0.9,0.0,72.0,1.7,4817.66,804
63.0,0.93,1.0,72.0,1.7,8813.56,805
74.0,0.88,1.0,36.0,1.7,9899.26,806
67.0,0.97,0.0,48.0,1.65,18810.22,807
62.0,0.93,1.0,72.0,1.7,5033.6,808
73.0,0.96,0.0,36.0,1.6,26455.62,809
58.0,0.92,0.0,72.0,1.65,12623.25,810
67.0,0.88,1.0,48.0,1.5,45977.6,811
57.0,0.89,1.0,72.0,1.6,23915.27,812
68.0,0.94,0.0,48.0,1.5,52580.56,813
74.0,0.95,1.0,36.0,1.65,14464.33,814
64.0,0.88,0.0,72.0,1.7,5689.13,815
72.0,0.89,1.0,48.0,1.7,6034.72,816
72.0,0.96,0.0,48.0,1.7,7306.75,817
60.0,0.96,0.0,72.0,1.7,7732.62,818
73.0,0.93,1.0,36.0,1.7,7495.25,819
69.0,0.99,0.0,48.0,1.7,3690.36,820
58.0,0.97,1.0,72.0,1.7,3275.5,821
70.0,0.92,1.0,48.0,1.7,6037.04,822
65.0,0.96,1.0,72.0,1.65,12118.0,823
68.0,0.99,0.0,48.0,1.7,1281.8,824
66.0,0.95,0.0,72.0,1.7,7830.96,825
55.0,0.87,0.0,72.0,1.7,2650.63,826
60.0,0.92,1.0,72.0,1.65,10010.51,827
73.0,0.98,1.0,36.0,1.65,14315.26,828
73.0,0.95,0.0,36.0,1.7,4539.68,829
58.0,0.9,0.0,72.0,1.7,6910.31,830
63.0,0.99,1.0,72.0,1.65,13469.63,831
68.0,0.91,0.0,48.0,1.5,64337.71,832
71.0,0.9,1.0,48.0,1.7,3792.51,833
74.0,0.98,1.0,36.0,1.7,9355.33,834
72.0,0.89,0.0,48.0,1.7,2723.28,835
66.0,0.87,1.0,72.0,1.5,58775.57,836
66.0,0.89,1.0,72.0,1.7,2854.87,837
74.0,0.92,1.0,36.0,1.6,20807.91,838
60.0,0.9,0.0,72.0,1.7,9628.09,839
60.0,0.87,1.0,72.0,1.5,65248.87,840
71.0,0.98,0.0,48.0,1.7,5575.6,841
55.0,0.96,0.0,72.0,1.7,4445.0,842
64.0,0.89,0.0,72.0,1.7,2509.71,843
71.0,0.95,1.0,48.0,1.5,64532.96,844
63.0,0.94,1.0,72.0,1.7,9189.68,845
65.0,0.91,1.0,72.0,1.7,3312.7,846
60.0,0.95,1.0,72.0,1.7,1256.41,847
64.0,0.98,1.0,72.0,1.65,10798.02,848
70.0,0.95,1.0,48.0,1.5,55429.7,849
68.0,0.93,1.0,48.0,1.7,3335.38,850
65.0,0.91,1.0,72.0,1.7,5140.95,851
59.0,0.91,0.0,72.0,1.65,14629.33,852
68.0,0.92,0.0,48.0,1.7,2665.92,853
60.0,0.99,0.0,72.0,1.65,10628.26,854
58.0,0.94,1.0,72.0,1.5,47166.93,855
68.0,0.95,0.0,48.0,1.5,40167.71,856
70.0,0.95,1.0,48.0,1.7,8284.83,857
62.0,0.96,1.0,72.0,1.65,14296.3,858
60.0,0.89,0.0,72.0,1.6,22148.05,859
61.0,0.88,1.0,72.0,1.7,1546.62,860
56.0,0.91,1.0,72.0,1.65,15888.3,861
65.0,0.98,1.0,72.0,1.7,858.34,862
66.0,0.9,1.0,72.0,1.7,3119.82,863
69.0,0.97,0.0,48.0,1.7,1102.11,864
58.0,0.93,0.0,72.0,1.7,8692.42,865
67.0,0.97,0.0,48.0,1.65,19252.45,866
62.0,0.98,1.0,72.0,1.6,23582.22,867
61.0,0.9,1.0,72.0,1.7,1025.23,868
66.0,0.95,1.0,72.0,1.7,1817.56,869
56.0,0.94,0.0,72.0,1.65,11256.97,870
58.0,0.91,1.0,72.0,1.7,974.77,871
66.0,0.95,1.0,72.0,1.7,5048.92,872
66.0,0.88,0.0,72.0,1.7,9796.83,873
68.0,0.93,1.0,48.0,1.7,8062.05,874
70.0,0.96,0.0,48.0,1.7,6131.57,875
72.0,0.95,1.0,48.0,1.7,1635.75,876
75.0,0.87,0.0,36.0,1.7,1237.28,877
63.0,0.94,1.0,72.0,1.7,5781.45,878
57.0,0.93,0.0,72.0,1.65,11267.05,879
73.0,0.87,0.0,36.0,1.7,1514.0,880
67.0,0.93,0.0,48.0,1.7,8422.16,881
60.0,0.95,1.0,72.0,1.7,9834.37,882
59.0,0.98,0.0,72.0,1.5,37862.57,883
67.0,0.97,1.0,48.0,1.7,5401.39,884
58.0,0.88,1.0,72.0,1.6,29403.3,885
56.0,0.99,1.0,72.0,1.65,13959.3,886
71.0,0.9,1.0,48.0,1.65,18204.85,887
73.0,0.96,1.0,36.0,1.65,12990.73,888
64.0,0.91,1.0,72.0,1.7,720.21,889
72.0,0.89,1.0,48.0,1.65,19356.69,890
72.0,0.9,0.0,48.0,1.7,4836.13,891
72.0,0.93,1.0,48.0,1.7,1224.15,892
65.0,0.91,0.0,72.0,1.65,19923.85,893
59.0,0.92,0.0,72.0,1.7,9315.12,894
66.0,0.96,1.0,72.0,1.7,1575.81,895
66.0,0.9,1.0,72.0,1.7,9306.5,896
59.0,0.94,0.0,72.0,1.7,8574.56,897
68.0,0.94,1.0,48.0,1.7,2536.55,898
73.0,0.9,1.0,36.0,1.7,1909.14,899
63.0,0.9,0.0,72.0,1.65,12310.5,900
72.0,0.92,1.0,48.0,1.7,6332.98,901
57.0,0.92,1.0,72.0,1.7,603.38,902
60.0,0.99,1.0,72.0,1.7,9056.16,903
61.0,0.88,0.0,72.0,1.65,12348.78,904
61.0,0.89,1.0,72.0,1.7,1125.62,905
58.0,0.95,0.0,72.0,1.7,9660.29,906
67.0,0.98,1.0,48.0,1.7,9389.29,907
70.0,0.98,0.0,48.0,1.65,18637.28,908
58.0,0.92,0.0,72.0,1.7,9441.45,909
58.0,0.94,1.0,72.0,1.6,25557.12,910
61.0,0.96,1.0,72.0,1.7,2743.84,911
58.0,0.95,0.0,72.0,1.7,4849.17,912
71.0,0.92,1.0,48.0,1.7,2533.47,913
70.0,0.97,1.0,48.0,1.7,7765.08,914
70.0,0.95,1.0,48.0,1.65,18550.28,915
69.0,0.96,0.0,48.0,1.65,11473.16,916
70.0,0.92,1.0,48.0,1.65,14624.86,917
74.0,0.98,1.0,36.0,1.65,13257.3,918
74.0,0.97,1.0,36.0,1.7,5615.66,919
57.0,0.93,0.0,72.0,1.7,4636.7,920
64.0,0.98,0.0,72.0,1.7,7006.11,921
71.0,0.98,1.0,48.0,1.7,1564.3,922
65.0,0.91,1.0,72.0,1.6,24532.7,923
74.0,0.89,1.0,36.0,1.5,31233.52,924
58.0,0.87,0.0,72.0,1.7,6128.53,925
62.0,0.89,1.0,72.0,1.7,9266.99,926
57.0,0.87,1.0,72.0,1.7,1465.65,927
72.0,0.91,0.0,48.0,1.65,10121.77,928
63.0,0.9,1.0,72.0,1.7,3712.49,929
61.0,0.91,1.0,72.0,1.7,6984.37,930
66.0,0.9,1.0,72.0,1.5,63012.79,931
70.0,0.94,0.0,48.0,1.7,608.86,932
74.0,0.88,1.0,36.0,1.5,60587.25,933
63.0,0.96,1.0,72.0,1.7,4186.87,934
71.0,0.98,1.0,48.0,1.7,7817.76,935
74.0,0.91,0.0,36.0,1.7,2968.22,936
64.0,0.94,0.0,72.0,1.6,26714.07,937
55.0,0.96,1.0,72.0,1.6,24042.24,938
71.0,0.93,0.0,48.0,1.7,9803.29,939
56.0,0.99,1.0,72.0,1.65,13810.79,940
67.0,0.9,0.0,48.0,1.7,1039.5,941
67.0,0.92,1.0,48.0,1.65,11163.98,942
57.0,0.9,0.0,72.0,1.7,5221.78,943
63.0,0.98,1.0,72.0,1.7,3700.74,944
72.0,0.91,1.0,48.0,1.7,3163.41,945
69.0,0.92,1.0,48.0,1.7,8302.5,946
64.0,0.96,1.0,72.0,1.7,1356.78,947
57.0,0.95,1.0,72.0,1.7,9277.49,948
64.0,0.94,0.0,72.0,1.7,1230.31,949
71.0,0.97,1.0,48.0,1.7,4583.23,950
73.0,0.91,1.0,36.0,1.65,19330.92,951
69.0,0.92,0.0,48.0,1.7,4036.68,952
71.0,0.93,1.0,48.0,1.7,5218.8,953
70.0,0.98,0.0,48.0,1.7,9230.21,954
61.0,0.89,0.0,72.0,1.7,1365.65,955
62.0,0.89,0.0,72.0,1.7,2120.33,956
75.0,0.98,1.0,36.0,1.65,15505.79,957
72.0,0.93,1.0,48.0,1.7,4606.57,958
56.0,0.88,0.0,72.0,1.7,2038.4,959
62.0,0.89,1.0,72.0,1.7,8392.0,960
71.0,0.89,0.0,48.0,1.65,16682.61,961
71.0,0.94,0.0,48.0,1.7,5003.31,962
67.0,0.88,1.0,48.0,1.7,9824.24,963
60.0,0.98,0.0,72.0,1.65,13182.99,964
58.0,0.96,0.0,72.0,1.7,2488.65,965
66.0,0.91,1.0,72.0,1.7,2113.05,966
59.0,0.9,1.0,72.0,1.7,2869.77,967
58.0,0.93,0.0,72.0,1.65,18410.38,968
72.0,0.91,1.0,48.0,1.7,2589.78,969
60.0,0.93,1.0,72.0,1.7,3345.27,970
69.0,0.93,1.0,48.0,1.7,7564.16,971
63.0,0.96,1.0,72.0,1.7,8079.48,972
72.0,0.92,1.0,48.0,1.7,5168.36,973
63.0,0.96,0.0,72.0,1.65,15283.17,974
60.0,0.99,0.0,72.0,1.65,12383.48,975
62.0,0.93,1.0,72.0,1.7,3750.41,976
69.0,0.95,0.0,48.0,1.65,16229.55,977
67.0,0.93,1.0,48.0,1.7,969.04,978
62.0,0.9,1.0,72.0,1.6,24931.46,979
66.0,0.94,1.0,72.0,1.7,8786.26,980
58.0,0.97,1.0,72.0,1.7,4658.77,981
68.0,0.99,0.0,48.0,1.7,2483.31,982
66.0,0.88,1.0,72.0,1.7,8125.12,983
61.0,0.89,1.0,72.0,1.7,7004.82,984
73.0,0.95,1.0,36.0,1.7,7952.23,985
73.0,0.92,0.0,36.0,1.7,8869.79,986
71.0,0.97,1.0,48.0,1.7,8355.56,987
71.0,0.98,0.0,48.0,1.7,1080.42,988
69.0,0.87,0.0,48.0,1.7,3403.78,989
59.0,0.95,0.0,72.0,1.7,1496.99,990
69.0,0.91,1.0,48.0,1.6,27556.54,991
57.0,0.98,1.0,72.0,1.7,9946.5,992
68.0,0.91,0.0,48.0,1.65,12826.71,993
65.0,0.98,1.0,72.0,1.7,8799.61,994
63.0,0.92,1.0,72.0,1.7,4743.81,995
69.0,0.96,0.0,48.0,1.6,20606.19,996
65.0,0.87,1.0,72.0,1.7,5922.36,997
74.0,0.87,1.0,36.0,1.6,26478.74,998
65.0,0.95,0.0,72.0,1.5,42717.95,999
74.0,0.94,1.0,36.0,1.65,16074.01,1000
73.0,0.87,1.0,36.0,1.7,6081.19,1001
69.0,0.91,1.0,48.0,1.7,6518.07,1002
67.0,0.93,1.0,48.0,1.7,2044.62,1003
55.0,0.93,1.0,72.0,1.7,2288.43,1004
60.0,0.91,0.0,72.0,1.7,2722.59,1005
71.0,0.89,1.0,48.0,1.7,3253.16,1006
75.0,0.91,1.0,36.0,1.65,13207.7,1007
66.0,0.88,0.0,72.0,1.65,16541.27,1008
67.0,0.97,0.0,48.0,1.7,9619.72,1009
61.0,0.97,0.0,72.0,1.5,31150.92,1010
61.0,0.9,1.0,72.0,1.7,9077.79,1011
59.0,0.89,0.0,72.0,1.7,2226.69,1012
74.0,0.96,0.0,36.0,1.65,16041.56,1013
68.0,0.95,1.0,48.0,1.7,9442.74,1014
55.0,0.88,1.0,72.0,1.6,25585.35,1015
63.0,0.91,1.0,72.0,1.7,2651.46,1016
61.0,0.92,0.0,72.0,1.65,12382.79,1017
63.0,0.91,1.0,72.0,1.65,13198.27,1018
65.0,0.88,0.0,72.0,1.65,14278.65,1019
58.0,0.89,1.0,72.0,1.65,10841.4,1020
67.0,0.87,0.0,48.0,1.5,67303.27,1021
75.0,0.96,1.0,36.0,1.65,18288.78,1022
55.0,0.91,1.0,72.0,1.7,9055.23,1023
63.0,0.88,0.0,72.0,1.65,10554.08,1024
56.0,0.94,0.0,72.0,1.65,15122.76,1025
57.0,0.88,1.0,72.0,1.65,17475.2,1026
61.0,0.93,0.0,72.0,1.65,14966.0,1027
56.0,0.91,1.0,72.0,1.65,16533.35,1028
70.0,0.88,0.0,48.0,1.65,12648.85,1029
65.0,0.92,0.0,72.0,1.7,2677.43,1030
61.0,0.96,1.0,72.0,1.65,12874.0,1031
58.0,0.93,1.0,72.0,1.65,17904.6,1032
56.0,0.88,1.0,72.0,1.7,3996.76,1033
55.0,0.93,1.0,72.0,1.7,2461.32,1034
73.0,0.98,1.0,36.0,1.7,3196.18,1035
68.0,0.95,0.0,48.0,1.65,15239.72,1036
64.0,0.87,0.0,72.0,1.7,868.17,1037
57.0,0.9,0.0,72.0,1.6,21500.95,1038
63.0,0.96,1.0,72.0,1.65,19725.55,1039
55.0,0.93,1.0,72.0,1.7,5036.12,1040
68.0,0.92,1.0,48.0,1.7,6988.6,1041
63.0,0.91,1.0,72.0,1.6,27208.95,1042
66.0,0.88,1.0,72.0,1.7,920.81,1043
61.0,0.99,1.0,72.0,1.65,16788.73,1044
73.0,0.9,1.0,36.0,1.6,21179.42,1045
71.0,0.92,1.0,48.0,1.6,24261.35,1046
64.0,0.98,1.0,72.0,1.7,4608.41,1047
70.0,0.93,0.0,48.0,1.65,11472.02,1048
68.0,0.95,0.0,48.0,1.7,3096.14,1049
62.0,0.9,1.0,72.0,1.7,7829.88,1050
65.0,0.92,0.0,72.0,1.65,14638.24,1051
71.0,0.93,1.0,48.0,1.5,49132.17,1052
55.0,0.97,0.0,72.0,1.65,15206.52,1053
69.0,0.98,1.0,48.0,1.7,5973.37,1054
64.0,0.9,1.0,72.0,1.7,5673.07,1055
69.0,0.93,1.0,48.0,1.7,7996.15,1056
75.0,0.93,0.0,36.0,1.7,5819.0,1057
67.0,0.96,1.0,48.0,1.65,11215.94,1058
64.0,0.98,1.0,72.0,1.5,58770.41,1059
67.0,0.89,1.0,48.0,1.7,6716.94,1060
56.0,0.95,0.0,72.0,1.7,5487.78,1061
68.0,0.88,1.0,48.0,1.7,7261.32,1062
57.0,0.89,0.0,72.0,1.65,16837.19,1063
73.0,0.96,0.0,36.0,1.7,1533.54,1064
62.0,0.88,1.0,72.0,1.7,2542.77,1065
71.0,0.96,1.0,48.0,1.5,65343.17,1066
73.0,0.88,0.0,36.0,1.7,3010.75,1067
68.0,0.93,1.0,48.0,1.7,7754.94,1068
69.0,0.91,1.0,48.0,1.7,1590.74,1069
59.0,0.98,0.0,72.0,1.7,4896.98,1070
62.0,0.89,1.0,72.0,1.65,18348.98,1071
63.0,0.91,0.0,72.0,1.7,5597.56,1072
71.0,0.89,1.0,48.0,1.7,5507.74,1073
56.0,0.88,0.0,72.0,1.6,28176.15,1074
62.0,0.88,0.0,72.0,1.7,5706.05,1075
63.0,0.98,1.0,72.0,1.65,13774.25,1076
71.0,0.95,1.0,48.0,1.6,26510.26,1077
74.0,0.98,1.0,36.0,1.5,33287.7,1078
73.0,0.97,1.0,36.0,1.7,7773.58,1079
65.0,0.93,1.0,72.0,1.7,2416.18,1080
60.0,0.9,0.0,72.0,1.7,5362.71,1081
58.0,0.9,1.0,72.0,1.7,665.26,1082
68.0,0.88,0.0,48.0,1.7,5346.74,1083
57.0,0.92,1.0,72.0,1.6,26865.83,1084
63.0,0.95,0.0,72.0,1.7,1601.06,1085
67.0,0.94,1.0,48.0,1.7,3748.24,1086
73.0,0.94,1.0,36.0,1.7,1427.86,1087
66.0,0.89,0.0,72.0,1.7,3676.88,1088
70.0,0.89,0.0,48.0,1.7,9338.63,1089
56.0,0.92,0.0,72.0,1.7,5267.32,1090
59.0,0.89,1.0,72.0,1.5,67478.01,1091
71.0,0.98,0.0,48.0,1.7,6190.07,1092
70.0,0.92,0.0,48.0,1.7,2137.9,1093
57.0,0.95,0.0,72.0,1.7,2483.71,1094
62.0,0.92,1.0,72.0,1.7,6389.8,1095
72.0,0.95,0.0,48.0,1.7,1450.96,1096
72.0,0.99,1.0,48.0,1.65,14203.06,1097
63.0,0.87,1.0,72.0,1.65,18792.11,1098
59.0,0.9,0.0,72.0,1.65,10975.3,1099
59.0,0.95,1.0,72.0,1.5,42697.1,1100
70.0,0.99,1.0,48.0,1.7,3072.92,1101
68.0,0.94,1.0,48.0,1.7,1702.39,1102
66.0,0.95,1.0,72.0,1.7,4383.5,1103
73.0,0.98,0.0,36.0,1.7,3052.07,1104
73.0,0.9,1.0,36.0,1.7,6977.4,1105
65.0,0.96,1.0,72.0,1.7,5035.6,1106
58.0,0.88,1.0,72.0,1.7,6289.88,1107
63.0,0.89,0.0,72.0,1.7,913.09,1108
65.0,0.99,0.0,72.0,1.7,9094.77,1109
64.0,0.97,0.0,72.0,1.7,4451.39,1110
73.0,0.94,1.0,36.0,1.65,10383.36,1111
59.0,0.98,1.0,72.0,1.7,3234.12,1112
63.0,0.87,0.0,72.0,1.7,5048.56,1113
66.0,0.94,0.0,72.0,1.7,902.76,1114
74.0,0.96,1.0,36.0,1.7,8105.66,1115
66.0,0.9,1.0,72.0,1.65,14688.12,1116
72.0,0.93,1.0,48.0,1.5,31338.95,1117
59.0,0.93,0.0,72.0,1.7,2009.52,1118
60.0,0.96,0.0,72.0,1.7,5112.3,1119
60.0,0.88,0.0,72.0,1.7,9101.48,1120
62.0,0.89,0.0,72.0,1.6,28940.92,1121
68.0,0.87,1.0,48.0,1.7,7993.73,1122
65.0,0.92,1.0,72.0,1.65,14217.56,1123
58.0,0.93,1.0,72.0,1.7,6986.98,1124
61.0,0.95,0.0,72.0,1.7,2238.38,1125
60.0,0.88,0.0,72.0,1.6,23756.23,1126
65.0,0.87,1.0,72.0,1.7,8416.51,1127
62.0,0.89,1.0,72.0,1.7,6299.93,1128
70.0,0.93,1.0,48.0,1.65,10112.43,1129
56.0,0.98,0.0,72.0,1.65,19825.19,1130
65.0,0.97,0.0,72.0,1.7,1080.1,1131
68.0,0.97,0.0,48.0,1.7,9910.45,1132
69.0,0.92,1.0,48.0,1.7,9394.4,1133
68.0,0.91,1.0,48.0,1.7,7514.28,1134
66.0,0.9,0.0,72.0,1.7,5239.42,1135
64.0,0.91,0.0,72.0,1.7,4049.06,1136
64.0,0.97,1.0,72.0,1.7,5648.84,1137
74.0,0.92,0.0,36.0,1.7,6749.26,1138
65.0,0.94,1.0,72.0,1.7,5805.7,1139
73.0,0.96,1.0,36.0,1.6,21610.55,1140
61.0,0.87,0.0,72.0,1.7,9880.7,1141
71.0,0.94,1.0,48.0,1.6,25556.09,1142
64.0,0.89,1.0,72.0,1.65,18958.75,1143
60.0,0.96,1.0,72.0,1.6,27290.9,1144
67.0,0.98,1.0,48.0,1.7,7925.11,1145
57.0,0.93,1.0,72.0,1.7,8180.61,1146
73.0,0.89,1.0,36.0,1.65,10032.7,1147
67.0,0.94,1.0,48.0,1.7,621.64,1148
75.0,0.88,0.0,36.0,1.65,17661.55,1149
68.0,0.91,0.0,48.0,1.7,9848.84,1150
65.0,0.9,1.0,72.0,1.65,13769.18,1151
63.0,0.94,0.0,72.0,1.7,2379.51,1152
65.0,0.91,0.0,72.0,1.5,38698.55,1153
71.0,0.87,1.0,48.0,1.65,17829.44,1154
67.0,0.92,0.0,48.0,1.65,14192.54,1155
62.0,0.96,0.0,72.0,1.7,6022.2,1156
70.0,0.9,0.0,48.0,1.6,29830.24,1157
61.0,0.95,1.0,72.0,1.6,27804.9,1158
70.0,0.94,1.0,48.0,1.7,6597.81,1159
61.0,0.89,1.0,72.0,1.7,5237.16,1160
69.0,0.91,1.0,48.0,1.7,3591.45,1161
67.0,0.87,0.0,48.0,1.65,18992.83,1162
60.0,0.91,1.0,72.0,1.65,19127.79,1163
61.0,0.98,1.0,72.0,1.7,6706.07,1164
64.0,0.91,1.0,72.0,1.7,1735.58,1165
66.0,0.92,1.0,72.0,1.7,5945.22,1166
67.0,0.88,0.0,48.0,1.7,6094.19,1167
69.0,0.97,1.0,48.0,1.7,6066.76,1168
65.0,0.9,1.0,72.0,1.65,13795.6,1169
64.0,0.94,1.0,72.0,1.65,12904.7,1170
56.0,0.92,0.0,72.0,1.7,9912.32,1171
58.0,0.9,1.0,72.0,1.7,6697.72,1172
59.0,0.93,1.0,72.0,1.7,6742.5,1173
68.0,0.98,1.0,48.0,1.65,12956.48,1174
66.0,0.96,0.0,72.0,1.7,8661.84,1175
73.0,0.97,0.0,36.0,1.65,14027.69,1176
60.0,0.91,0.0,72.0,1.7,3097.2,1177
57.0,0.98,1.0,72.0,1.7,9664.03,1178
57.0,0.95,1.0,72.0,1.7,8534.46,1179
69.0,0.95,0.0,48.0,1.7,2626.44,1180
60.0,0.92,1.0,72.0,1.7,1278.89,1181
57.0,0.93,0.0,72.0,1.65,10340.88,1182
65.0,0.99,1.0,72.0,1.65,13752.76,1183
65.0,0.99,1.0,72.0,1.5,50821.9,1184
67.0,0.92,1.0,48.0,1.7,3350.02,1185
58.0,0.97,1.0,72.0,1.7,9387.48,1186
67.0,0.9,0.0,48.0,1.7,4890.73,1187
64.0,0.99,1.0,72.0,1.7,8322.73,1188
62.0,0.94,0.0,72.0,1.7,4065.75,1189
59.0,0.87,1.0,72.0,1.5,31864.21,1190
65.0,0.97,0.0,72.0,1.7,9583.79,1191
72.0,0.97,0.0,48.0,1.6,22840.43,1192
72.0,0.87,1.0,48.0,1.7,5728.7,1193
60.0,0.89,0.0,72.0,1.7,1670.28,1194
63.0,0.97,1.0,72.0,1.65,16541.45,1195
69.0,0.94,1.0,48.0,1.7,3110.4,1196
66.0,0.93,1.0,72.0,1.5,37767.88,1197
60.0,0.93,0.0,72.0,1.7,5374.69,1198
59.0,0.93,0.0,72.0,1.5,69258.24,1199
67.0,0.9,1.0,48.0,1.65,19885.44,1200
56.0,0.91,1.0,72.0,1.65,13333.21,1201
70.0,0.93,1.0,48.0,1.7,1780.9,1202
62.0,0.95,1.0,72.0,1.7,4793.0,1203
58.0,0.94,1.0,72.0,1.7,6041.91,1204
69.0,0.99,1.0,48.0,1.7,9778.12,1205
75.0,0.88,1.0,36.0,1.7,9107.12,1206
60.0,0.88,0.0,72.0,1.7,9617.13,1207
64.0,0.98,1.0,72.0,1.65,11109.27,1208
57.0,0.89,1.0,72.0,1.6,27344.06,1209
55.0,0.98,0.0,72.0,1.6,29531.2,1210
69.0,0.91,1.0,48.0,1.5,49605.96,1211
72.0,0.95,0.0,48.0,1.7,1471.1,1212
59.0,0.96,1.0,72.0,1.6,28350.74,1213
75.0,0.89,0.0,36.0,1.7,755.17,1214
66.0,0.97,1.0,72.0,1.7,6600.55,1215
70.0,0.97,1.0,48.0,1.65,17462.66,1216
69.0,0.89,0.0,48.0,1.7,6254.81,1217
65.0,0.94,0.0,72.0,1.7,9039.63,1218
60.0,0.95,0.0,72.0,1.6,29935.46,1219
74.0,0.88,1.0,36.0,1.7,4873.84,1220
72.0,0.93,1.0,48.0,1.7,2966.64,1221
74.0,0.87,1.0,36.0,1.7,8771.48,1222
65.0,0.98,1.0,72.0,1.7,5404.04,1223
62.0,0.89,1.0,72.0,1.7,2857.79,1224
74.0,0.98,0.0,36.0,1.7,2296.42,1225
60.0,0.95,1.0,72.0,1.7,8405.02,1226
63.0,0.9,0.0,72.0,1.65,19665.6,1227
62.0,0.95,1.0,72.0,1.6,28931.33,1228
62.0,0.87,1.0,72.0,1.7,5075.04,1229
60.0,0.89,1.0,72.0,1.7,7757.75,1230
62.0,0.87,1.0,72.0,1.7,9288.74,1231
70.0,0.93,1.0,48.0,1.7,8419.68,1232
66.0,0.92,1.0,72.0,1.7,983.04,1233
66.0,0.96,1.0,72.0,1.7,2446.12,1234
56.0,0.97,1.0,72.0,1.7,6849.12,1235
69.0,0.93,0.0,48.0,1.7,7939.16,1236
74.0,0.94,0.0,36.0,1.7,4711.34,1237
61.0,0.95,1.0,72.0,1.65,10046.63,1238
75.0,0.89,0.0,36.0,1.7,4052.77,1239
68.0,0.96,1.0,48.0,1.7,8195.73,1240
55.0,0.91,1.0,72.0,1.65,10326.9,1241
61.0,0.99,1.0,72.0,1.65,14173.37,1242
65.0,0.93,1.0,72.0,1.7,2621.68,1243
66.0,0.93,1.0,72.0,1.65,18162.45,1244
66.0,0.9,0.0,72.0,1.65,12860.49,1245
75.0,0.9,1.0,36.0,1.7,6000.27,1246
71.0,0.92,1.0,48.0,1.65,19229.92,1247
68.0,0.92,0.0,48.0,1.7,1367.98,1248
59.0,0.95,0.0,72.0,1.7,5448.0,1249
65.0,0.89,0.0,72.0,1.7,9938.24,1250
56.0,0.94,0.0,72.0,1.7,9523.63,1251
71.0,0.92,0.0,48.0,1.7,606.31,1252
75.0,0.93,1.0,36.0,1.5,65160.78,1253
65.0,0.93,0.0,72.0,1.7,4077.13,1254
63.0,0.94,1.0,72.0,1.7,4382.24,1255
68.0,0.89,1.0,48.0,1.7,1991.78,1256
64.0,0.98,1.0,72.0,1.7,7972.15,1257
73.0,0.89,1.0,36.0,1.7,2453.33,1258
71.0,0.95,1.0,48.0,1.7,1206.27,1259
57.0,0.89,0.0,72.0,1.65,13708.81,1260
68.0,0.95,1.0,48.0,1.7,4922.44,1261
59.0,0.91,1.0,72.0,1.7,4098.96,1262
64.0,0.92,0.0,72.0,1.5,30933.63,1263
60.0,0.92,0.0,72.0,1.7,6372.14,1264
66.0,0.89,0.0,72.0,1.7,6112.58,1265
70.0,0.92,1.0,48.0,1.7,6741.46,1266
68.0,0.94,0.0,48.0,1.65,13714.12,1267
72.0,0.92,1.0,48.0,1.65,17941.93,1268
61.0,0.93,0.0,72.0,1.7,858.39,1269
69.0,0.95,1.0,48.0,1.6,20247.55,1270
66.0,0.93,0.0,72.0,1.7,3567.41,1271
72.0,0.92,1.0,48.0,1.7,2262.18,1272
71.0,0.87,1.0,48.0,1.7,5303.24,1273
59.0,0.9,0.0,72.0,1.6,23546.75,1274
55.0,0.9,0.0,72.0,1.7,4819.26,1275
73.0,0.97,1.0,36.0,1.7,9236.37,1276
56.0,0.89,1.0,72.0,1.65,12688.7,1277
67.0,0.87,0.0,48.0,1.7,5436.19,1278
66.0,0.98,0.0,72.0,1.7,2599.23,1279
75.0,0.95,1.0,36.0,1.7,7989.0,1280
57.0,0.91,1.0,72.0,1.65,17919.7,1281
67.0,0.93,0.0,48.0,1.5,51914.51,1282
66.0,0.9,1.0,72.0,1.7,4566.04,1283
65.0,0.89,1.0,72.0,1.65,13635.99,1284
61.0,0.91,1.0,72.0,1.7,5211.96,1285
67.0,0.88,1.0,48.0,1.7,3543.76,1286
63.0,0.92,0.0,72.0,1.7,9737.47,1287
68.0,0.95,1.0,48.0,1.7,1105.35,1288
67.0,0.95,1.0,48.0,1.7,9821.08,1289
60.0,0.9,0.0,72.0,1.7,4044.85,1290
61.0,0.88,0.0,72.0,1.65,19058.1,1291
65.0,0.91,1.0,72.0,1.7,8766.15,1292
63.0,0.92,0.0,72.0,1.7,6395.55,1293
75.0,0.94,1.0,36.0,1.7,5943.5,1294
69.0,0.96,1.0,48.0,1.7,9244.82,1295
75.0,0.89,1.0,36.0,1.5,69746.9,1296
69.0,0.92,0.0,48.0,1.7,7729.39,1297
63.0,0.92,1.0,72.0,1.7,8733.87,1298
60.0,0.9,1.0,72.0,1.65,18651.23,1299
74.0,0.96,1.0,36.0,1.65,17591.51,1300
64.0,0.93,0.0,72.0,1.7,6500.06,1301
65.0,0.94,1.0,72.0,1.7,4800.81,1302
66.0,0.93,1.0,72.0,1.7,3463.44,1303
64.0,0.91,0.0,72.0,1.6,20695.21,1304
74.0,0.98,0.0,36.0,1.7,5235.92,1305
56.0,0.91,0.0,72.0,1.65,10082.25,1306
71.0,0.9,1.0,48.0,1.65,17613.1,1307
68.0,0.92,0.0,48.0,1.7,793.56,1308
73.0,0.95,1.0,36.0,1.65,12775.07,1309
69.0,0.95,1.0,48.0,1.7,7345.32,1310
66.0,0.92,1.0,72.0,1.7,5602.83,1311
59.0,0.96,1.0,72.0,1.7,9352.77,1312
68.0,0.88,1.0,48.0,1.7,4007.61,1313
68.0,0.89,1.0,48.0,1.7,1608.86,1314
70.0,0.93,1.0,48.0,1.5,50308.25,1315
60.0,0.91,0.0,72.0,1.65,14453.4,1316
70.0,0.87,1.0,48.0,1.7,1897.23,1317
61.0,0.92,1.0,72.0,1.7,6721.97,1318
61.0,0.93,1.0,72.0,1.7,6022.84,1319
57.0,0.93,0.0,72.0,1.65,15561.58,1320
68.0,0.92,1.0,48.0,1.7,7132.78,1321
73.0,0.93,0.0,36.0,1.65,17864.4,1322
57.0,0.97,1.0,72.0,1.7,6653.55,1323
59.0,0.97,1.0,72.0,1.65,17659.59,1324
62.0,0.92,1.0,72.0,1.7,3039.03,1325
71.0,0.9,1.0,48.0,1.7,5569.53,1326
65.0,0.96,1.0,72.0,1.7,3393.77,1327
75.0,0.97,1.0,36.0,1.7,3778.28,1328
65.0,0.96,1.0,72.0,1.6,21572.94,1329
71.0,0.91,0.0,48.0,1.7,5166.92,1330
64.0,0.93,1.0,72.0,1.7,5310.32,1331
60.0,0.98,1.0,72.0,1.7,2999.11,1332
73.0,0.99,1.0,36.0,1.65,14980.83,1333
70.0,0.97,1.0,48.0,1.7,4001.83,1334
56.0,0.97,1.0,72.0,1.7,6425.35,1335
70.0,0.96,1.0,48.0,1.65,14762.24,1336
73.0,0.97,1.0,36.0,1.65,17741.58,1337
70.0,0.98,1.0,48.0,1.7,8912.94,1338
66.0,0.89,1.0,72.0,1.7,5885.07,1339
63.0,0.98,1.0,72.0,1.6,23178.87,1340
62.0,0.99,1.0,72.0,1.7,3046.31,1341
68.0,0.97,1.0,48.0,1.7,6429.58,1342
61.0,0.93,1.0,72.0,1.7,1472.38,1343
69.0,0.9,0.0,48.0,1.7,5859.11,1344
74.0,0.93,0.0,36.0,1.65,13934.29,1345
60.0,0.88,0.0,72.0,1.7,5197.33,1346
67.0,0.9,1.0,48.0,1.7,7703.55,1347
61.0,0.9,0.0,72.0,1.7,9628.01,1348
60.0,0.92,0.0,72.0,1.7,9323.55,1349
70.0,0.99,0.0,48.0,1.7,8501.02,1350
67.0,0.93,1.0,48.0,1.7,4406.33,1351
55.0,0.91,0.0,72.0,1.7,3725.69,1352
57.0,0.98,0.0,72.0,1.7,1619.07,1353
56.0,0.94,0.0,72.0,1.7,5711.39,1354
62.0,0.98,1.0,72.0,1.65,16110.39,1355
63.0,0.92,1.0,72.0,1.7,9540.32,1356
69.0,0.93,1.0,48.0,1.6,29639.44,1357
55.0,0.91,1.0,72.0,1.65,16386.93,1358
72.0,0.95,1.0,48.0,1.7,9900.24,1359
72.0,0.97,1.0,48.0,1.7,7911.78,1360
56.0,0.96,0.0,72.0,1.6,24907.8,1361
72.0,0.87,0.0,48.0,1.6,21722.01,1362
56.0,0.87,1.0,72.0,1.7,6124.6,1363
72.0,0.95,1.0,48.0,1.7,5470.67,1364
58.0,0.93,1.0,72.0,1.6,23000.3,1365
55.0,0.89,1.0,72.0,1.7,2081.02,1366
69.0,0.93,1.0,48.0,1.7,3101.45,1367
55.0,0.98,1.0,72.0,1.7,2001.72,1368
62.0,0.91,1.0,72.0,1.7,4619.68,1369
73.0,0.98,1.0,36.0,1.7,1186.73,1370
72.0,0.99,0.0,48.0,1.65,14623.09,1371
63.0,0.98,0.0,72.0,1.7,6921.23,1372
74.0,0.96,0.0,36.0,1.7,7565.54,1373
57.0,0.89,1.0,72.0,1.7,1793.68,1374
75.0,0.91,1.0,36.0,1.7,1693.26,1375
57.0,0.95,0.0,72.0,1.65,11198.46,1376
72.0,0.97,1.0,48.0,1.7,4980.76,1377
63.0,0.99,0.0,72.0,1.7,3862.02,1378
70.0,0.87,0.0,48.0,1.65,14680.87,1379
57.0,0.97,1.0,72.0,1.7,980.46,1380
66.0,0.96,1.0,72.0,1.7,7587.23,1381
57.0,0.88,0.0,72.0,1.65,18382.18,1382
72.0,0.95,0.0,48.0,1.65,10191.38,1383
72.0,0.94,1.0,48.0,1.7,8628.5,1384
71.0,0.94,1.0,48.0,1.7,8562.56,1385
71.0,0.97,0.0,48.0,1.7,8829.18,1386
74.0,0.89,0.0,36.0,1.5,39255.23,1387
63.0,0.97,0.0,72.0,1.7,2583.86,1388
57.0,0.87,1.0,72.0,1.7,2973.36,1389
64.0,0.95,1.0,72.0,1.65,19718.16,1390
62.0,0.9,1.0,72.0,1.7,1110.92,1391
56.0,0.98,1.0,72.0,1.7,7161.56,1392
59.0,0.91,0.0,72.0,1.5,62427.31,1393
67.0,0.93,1.0,48.0,1.7,7104.71,1394
56.0,0.93,1.0,72.0,1.7,782.33,1395
60.0,0.92,1.0,72.0,1.7,1821.0,1396
74.0,0.93,1.0,36.0,1.7,1720.24,1397
74.0,0.97,1.0,36.0,1.7,6823.96,1398
65.0,0.96,0.0,72.0,1.7,2926.72,1399
73.0,0.92,1.0,36.0,1.7,4981.85,1400
66.0,0.89,0.0,72.0,1.7,4869.91,1401
56.0,0.93,1.0,72.0,1.65,17670.39,1402
60.0,0.97,1.0,72.0,1.65,10494.96,1403
70.0,0.91,0.0,48.0,1.65,15525.51,1404
69.0,0.88,0.0,48.0,1.65,18062.32,1405
66.0,0.97,1.0,72.0,1.7,9876.53,1406
56.0,0.88,1.0,72.0,1.7,8039.31,1407
72.0,0.93,0.0,48.0,1.7,1031.65,1408
57.0,0.89,1.0,72.0,1.7,4915.89,1409
58.0,0.92,1.0,72.0,1.7,2770.33,1410
57.0,0.94,1.0,72.0,1.7,2382.49,1411
72.0,0.95,0.0,48.0,1.7,2431.31,1412
57.0,0.9,1.0,72.0,1.7,8032.49,1413
56.0,0.93,1.0,72.0,1.7,4662.52,1414
75.0,0.96,0.0,36.0,1.7,8136.9,1415
70.0,0.95,0.0,48.0,1.7,5423.98,1416
64.0,0.92,0.0,72.0,1.7,2160.27,1417
62.0,0.89,1.0,72.0,1.6,22104.44,1418
63.0,0.92,0.0,72.0,1.7,9959.21,1419
69.0,0.99,0.0,48.0,1.7,2589.19,1420
58.0,0.89,1.0,72.0,1.7,6839.63,1421
71.0,0.92,0.0,48.0,1.7,3392.77,1422
63.0,0.92,1.0,72.0,1.5,46169.86,1423
56.0,0.96,1.0,72.0,1.65,12739.53,1424
72.0,0.94,0.0,48.0,1.7,3658.64,1425
68.0,0.91,1.0,48.0,1.7,2882.91,1426
74.0,0.9,0.0,36.0,1.7,5441.69,1427
61.0,0.97,0.0,72.0,1.7,3361.08,1428
67.0,0.93,1.0,48.0,1.7,5437.8,1429
60.0,0.98,1.0,72.0,1.7,9771.5,1430
69.0,0.96,1.0,48.0,1.65,12737.58,1431
69.0,0.97,1.0,48.0,1.7,1139.73,1432
71.0,0.92,1.0,48.0,1.7,1811.97,1433
70.0,0.92,0.0,48.0,1.7,4472.34,1434
72.0,0.97,0.0,48.0,1.7,808.94,1435
65.0,0.91,1.0,72.0,1.7,5499.17,1436
68.0,0.98,1.0,48.0,1.7,532.95,1437
59.0,0.96,1.0,72.0,1.7,6585.58,1438
74.0,0.9,1.0,36.0,1.7,2266.62,1439
68.0,0.95,1.0,48.0,1.7,5982.29,1440
68.0,0.93,1.0,48.0,1.7,7594.44,1441
71.0,0.87,1.0,48.0,1.5,40828.32,1442
73.0,0.98,1.0,36.0,1.65,18426.39,1443
67.0,0.98,1.0,48.0,1.7,6128.87,1444
57.0,0.96,0.0,72.0,1.7,7930.6,1445
67.0,0.95,0.0,48.0,1.7,9072.64,1446
66.0,0.98,0.0,72.0,1.6,23657.49,1447
68.0,0.96,0.0,48.0,1.7,7816.96,1448
62.0,0.99,1.0,72.0,1.7,728.4,1449
68.0,0.97,0.0,48.0,1.7,2249.78,1450
67.0,0.95,0.0,48.0,1.7,8227.59,1451
69.0,0.9,0.0,48.0,1.7,6634.75,1452
61.0,0.89,1.0,72.0,1.7,8738.51,1453
63.0,0.93,0.0,72.0,1.7,9103.22,1454
61.0,0.89,1.0,72.0,1.6,23372.79,1455
66.0,0.9,1.0,72.0,1.7,5381.88,1456
58.0,0.97,0.0,72.0,1.7,2192.67,1457
62.0,0.94,1.0,72.0,1.7,4940.32,1458
62.0,0.93,0.0,72.0,1.5,63937.63,1459
58.0,0.89,1.0,72.0,1.7,2620.18,1460
71.0,0.99,1.0,48.0,1.7,4132.2,1461
70.0,0.92,1.0,48.0,1.7,3866.83,1462
72.0,0.91,1.0,48.0,1.7,1717.61,1463
62.0,0.93,0.0,72.0,1.6,21730.66,1464
67.0,0.98,1.0,48.0,1.7,3448.14,1465
74.0,0.88,0.0,36.0,1.7,5735.5,1466
64.0,0.93,0.0,72.0,1.7,4588.4,1467
70.0,0.94,1.0,48.0,1.7,6266.65,1468
58.0,0.93,1.0,72.0,1.65,12693.94,1469
64.0,0.89,1.0,72.0,1.7,4372.11,1470
71.0,0.96,0.0,48.0,1.6,23583.81,1471
60.0,0.92,0.0,72.0,1.65,10366.29,1472
73.0,0.99,1.0,36.0,1.7,3207.92,1473
57.0,0.97,0.0,72.0,1.7,6179.45,1474
69.0,0.96,1.0,48.0,1.7,4418.56,1475
70.0,0.98,0.0,48.0,1.7,561.18,1476
58.0,0.95,0.0,72.0,1.7,6653.09,1477
63.0,0.91,1.0,72.0,1.7,992.66,1478
73.0,0.95,0.0,36.0,1.5,59463.51,1479
55.0,0.89,1.0,72.0,1.6,23884.02,1480
64.0,0.9,0.0,72.0,1.7,4477.27,1481
64.0,0.97,1.0,72.0,1.6,27926.38,1482
59.0,0.98,0.0,72.0,1.7,8784.68,1483
58.0,0.98,1.0,72.0,1.6,26775.19,1484
68.0,0.96,0.0,48.0,1.6,28797.85,1485
65.0,0.91,1.0,72.0,1.7,9461.83,1486
66.0,0.87,0.0,72.0,1.6,24438.57,1487
70.0,0.91,0.0,48.0,1.7,9155.66,1488
73.0,0.94,0.0,36.0,1.6,27994.41,1489
66.0,0.91,0.0,72.0,1.7,3145.7,1490
67.0,0.9,0.0,48.0,1.5,55645.29,1491
75.0,0.91,1.0,36.0,1.5,38146.58,1492
63.0,0.94,1.0,72.0,1.7,6538.39,1493
61.0,0.93,1.0,72.0,1.7,5716.21,1494
72.0,0.88,1.0,48.0,1.6,23431.02,1495
70.0,0.89,1.0,48.0,1.6,28382.44,1496
58.0,0.98,0.0,72.0,1.7,8274.21,1497
67.0,0.9,0.0,48.0,1.7,7029.13,1498
57.0,0.91,1.0,72.0,1.7,7828.3,1499
61.0,0.92,0.0,72.0,1.7,5756.68,1500
68.0,0.96,0.0,48.0,1.7,6395.98,1501
68.0,0.88,1.0,48.0,1.65,14354.01,1502
56.0,0.94,1.0,72.0,1.7,9613.22,1503
65.0,0.94,0.0,72.0,1.7,3834.99,1504
72.0,0.93,1.0,48.0,1.7,893.86,1505
59.0,0.94,0.0,72.0,1.7,8408.98,1506
73.0,0.97,1.0,36.0,1.7,3773.24,1507
61.0,0.91,0.0,72.0,1.65,15437.86,1508
70.0,0.93,1.0,48.0,1.7,5363.51,1509
66.0,0.89,0.0,72.0,1.65,16853.02,1510
64.0,0.97,1.0,72.0,1.65,17372.48,1511
74.0,0.94,0.0,36.0,1.6,29084.98,1512
61.0,0.93,1.0,72.0,1.7,7739.76,1513
70.0,0.92,1.0,48.0,1.65,19022.92,1514
71.0,0.97,0.0,48.0,1.65,17044.51,1515
69.0,0.92,1.0,48.0,1.7,8338.62,1516
74.0,0.88,1.0,36.0,1.7,8757.26,1517
72.0,0.88,0.0,48.0,1.6,22911.09,1518
65.0,0.94,0.0,72.0,1.7,6335.34,1519
62.0,0.99,1.0,72.0,1.7,728.69,1520
60.0,0.99,0.0,72.0,1.7,9368.98,1521
61.0,0.9,1.0,72.0,1.7,9812.36,1522
70.0,0.9,1.0,48.0,1.7,4937.23,1523
74.0,0.94,1.0,36.0,1.5,69918.91,1524
63.0,0.94,1.0,72.0,1.7,9695.28,1525
62.0,0.99,1.0,72.0,1.65,16949.7,1526
66.0,0.92,0.0,72.0,1.7,9152.28,1527
70.0,0.98,1.0,48.0,1.7,4439.71,1528
61.0,0.88,1.0,72.0,1.7,8923.67,1529
69.0,0.93,0.0,48.0,1.65,11923.36,1530
55.0,0.94,1.0,72.0,1.7,671.76,1531
66.0,0.91,1.0,72.0,1.65,11914.55,1532
65.0,0.9,0.0,72.0,1.7,4694.23,1533
67.0,0.93,0.0,48.0,1.5,59170.96,1534
62.0,0.88,1.0,72.0,1.7,9958.64,1535
72.0,0.98,0.0,48.0,1.7,6401.88,1536
67.0,0.91,1.0,48.0,1.7,2295.23,1537
64.0,0.98,1.0,72.0,1.7,2421.55,1538
66.0,0.98,1.0,72.0,1.7,5397.7,1539
64.0,0.91,1.0,72.0,1.7,641.68,1540
57.0,0.94,0.0,72.0,1.7,2711.45,1541
59.0,0.93,1.0,72.0,1.7,3325.07,1542
60.0,0.97,1.0,72.0,1.7,8502.99,1543
75.0,0.88,1.0,36.0,1.7,9074.71,1544
62.0,0.88,0.0,72.0,1.7,3742.8,1545
64.0,0.96,1.0,72.0,1.7,1638.67,1546
67.0,0.98,1.0,48.0,1.6,26831.04,1547
59.0,0.98,0.0,72.0,1.7,4620.46,1548
70.0,0.94,1.0,48.0,1.5,36458.16,1549
65.0,0.93,0.0,72.0,1.65,17322.49,1550
67.0,0.93,1.0,48.0,1.7,8589.06,1551
63.0,0.97,0.0,72.0,1.7,8020.96,1552
59.0,0.88,1.0,72.0,1.65,13201.46,1553
69.0,0.94,1.0,48.0,1.7,5143.57,1554
75.0,0.92,1.0,36.0,1.7,8587.49,1555
74.0,0.89,1.0,36.0,1.7,3882.5,1556
74.0,0.98,1.0,36.0,1.7,752.18,1557
62.0,0.94,0.0,72.0,1.7,5845.45,1558
57.0,0.98,1.0,72.0,1.7,3557.03,1559
69.0,0.94,1.0,48.0,1.7,1869.28,1560
68.0,0.92,0.0,48.0,1.7,7528.31,1561
68.0,0.95,1.0,48.0,1.7,7370.72,1562
66.0,0.87,1.0,72.0,1.7,8037.84,1563
70.0,0.91,1.0,48.0,1.65,16248.67,1564
58.0,0.93,1.0,72.0,1.7,2459.63,1565
74.0,0.9,1.0,36.0,1.7,626.87,1566
56.0,0.96,1.0,72.0,1.6,27336.63,1567
60.0,0.87,1.0,72.0,1.7,8421.31,1568
57.0,0.89,1.0,72.0,1.7,1602.33,1569
59.0,0.91,1.0,72.0,1.7,9292.6,1570
64.0,0.98,1.0,72.0,1.7,2602.83,1571
66.0,0.94,0.0,72.0,1.7,4411.22,1572
55.0,0.92,0.0,72.0,1.7,2530.92,1573
73.0,0.9,1.0,36.0,1.6,26022.38,1574
70.0,0.98,0.0,48.0,1.7,5188.96,1575
58.0,0.88,0.0,72.0,1.7,2800.39,1576
57.0,0.9,0.0,72.0,1.65,16481.72,1577
65.0,0.89,1.0,72.0,1.7,1779.21,1578
75.0,0.9,1.0,36.0,1.7,4212.44,1579
56.0,0.95,1.0,72.0,1.6,23348.86,1580
74.0,0.93,1.0,36.0,1.5,49505.62,1581
66.0,0.89,0.0,72.0,1.7,2410.36,1582
55.0,0.96,1.0,72.0,1.7,9990.78,1583
68.0,0.94,1.0,48.0,1.6,26577.3,1584
70.0,0.88,1.0,48.0,1.65,14340.59,1585
73.0,0.96,0.0,36.0,1.7,8361.97,1586
70.0,0.89,0.0,48.0,1.7,7034.61,1587
56.0,0.91,0.0,72.0,1.6,26399.19,1588
65.0,0.88,1.0,72.0,1.7,7507.6,1589
60.0,0.93,1.0,72.0,1.7,881.16,1590
63.0,0.9,1.0,72.0,1.7,8890.26,1591
61.0,0.97,0.0,72.0,1.7,2123.92,1592
63.0,0.91,0.0,72.0,1.7,3358.97,1593
56.0,0.89,1.0,72.0,1.7,7701.82,1594
72.0,0.97,0.0,48.0,1.6,25962.0,1595
71.0,0.92,0.0,48.0,1.7,6770.09,1596
71.0,0.91,0.0,48.0,1.7,9514.15,1597
63.0,0.95,1.0,72.0,1.6,29896.04,1598
74.0,0.96,1.0,36.0,1.7,4503.62,1599
63.0,0.99,0.0,72.0,1.6,27404.05,1600
55.0,0.88,0.0,72.0,1.7,7697.39,1601
62.0,0.92,0.0,72.0,1.6,23729.83,1602
67.0,0.97,0.0,48.0,1.7,5689.61,1603
63.0,0.87,1.0,72.0,1.7,4632.51,1604
66.0,0.94,1.0,72.0,1.6,25265.42,1605
59.0,0.91,0.0,72.0,1.7,8700.59,1606
65.0,0.96,1.0,72.0,1.6,24497.62,1607
68.0,0.91,1.0,48.0,1.65,12787.91,1608
61.0,0.98,1.0,72.0,1.7,3490.83,1609
61.0,0.88,1.0,72.0,1.65,14113.99,1610
75.0,0.88,0.0,36.0,1.7,6325.87,1611
57.0,0.97,1.0,72.0,1.7,8752.29,1612
56.0,0.96,1.0,72.0,1.7,6416.15,1613
68.0,0.95,1.0,48.0,1.7,6728.27,1614
57.0,0.96,0.0,72.0,1.7,3751.02,1615
71.0,0.9,1.0,48.0,1.65,16268.61,1616
65.0,0.96,0.0,72.0,1.7,9361.36,1617
59.0,0.96,0.0,72.0,1.7,3226.46,1618
66.0,0.91,1.0,72.0,1.65,10050.99,1619
74.0,0.96,0.0,36.0,1.6,24537.75,1620
59.0,0.88,0.0,72.0,1.7,2554.75,1621
68.0,0.97,1.0,48.0,1.7,9084.33,1622
70.0,0.93,1.0,48.0,1.65,16114.58,1623
69.0,0.93,0.0,48.0,1.7,6278.24,1624
56.0,0.95,0.0,72.0,1.7,3048.51,1625
57.0,0.93,0.0,72.0,1.7,5780.73,1626
57.0,0.87,1.0,72.0,1.7,9901.94,1627
57.0,0.94,1.0,72.0,1.7,978.17,1628
62.0,0.9,0.0,72.0,1.7,2469.41,1629
74.0,0.97,1.0,36.0,1.7,3201.0,1630
57.0,0.93,1.0,72.0,1.7,6430.94,1631
72.0,0.89,0.0,48.0,1.6,22982.27,1632
69.0,0.93,1.0,48.0,1.7,7367.99,1633
64.0,0.89,0.0,72.0,1.7,7006.94,1634
68.0,0.88,1.0,48.0,1.7,5907.02,1635
58.0,0.96,0.0,72.0,1.7,867.38,1636
61.0,0.94,0.0,72.0,1.6,27737.02,1637
60.0,0.98,1.0,72.0,1.7,4853.33,1638
61.0,0.94,1.0,72.0,1.6,21638.44,1639
62.0,0.97,1.0,72.0,1.65,10810.04,1640
58.0,0.91,1.0,72.0,1.7,9541.0,1641
69.0,0.98,0.0,48.0,1.6,27148.38,1642
74.0,0.93,0.0,36.0,1.7,1864.78,1643
61.0,0.88,1.0,72.0,1.7,6041.51,1644
63.0,0.88,0.0,72.0,1.7,3219.38,1645
73.0,0.94,1.0,36.0,1.65,16887.92,1646
69.0,0.89,1.0,48.0,1.7,6972.12,1647
62.0,0.96,1.0,72.0,1.5,53839.94,1648
58.0,0.97,1.0,72.0,1.7,2964.65,1649
62.0,0.93,1.0,72.0,1.7,7950.1,1650
69.0,0.88,0.0,48.0,1.7,9751.81,1651
55.0,0.91,0.0,72.0,1.7,8271.86,1652
61.0,0.91,0.0,72.0,1.7,6088.61,1653
66.0,0.98,0.0,72.0,1.7,4122.74,1654
72.0,0.96,1.0,48.0,1.6,29835.91,1655
71.0,0.89,0.0,48.0,1.65,16608.37,1656
74.0,0.96,0.0,36.0,1.65,10428.1,1657
66.0,0.95,1.0,72.0,1.7,4093.3,1658
56.0,0.93,1.0,72.0,1.7,4711.22,1659
62.0,0.99,1.0,72.0,1.7,1099.11,1660
68.0,0.92,1.0,48.0,1.7,5099.92,1661
61.0,0.93,0.0,72.0,1.6,21173.08,1662
70.0,0.88,1.0,48.0,1.65,10764.23,1663
64.0,0.97,1.0,72.0,1.7,7315.64,1664
56.0,0.88,0.0,72.0,1.7,1276.47,1665
62.0,0.95,0.0,72.0,1.7,9427.61,1666
70.0,0.97,1.0,48.0,1.65,11062.66,1667
59.0,0.91,1.0,72.0,1.6,21514.27,1668
61.0,0.93,0.0,72.0,1.65,15077.34,1669
73.0,0.95,0.0,36.0,1.7,2283.59,1670
65.0,0.99,0.0,72.0,1.7,991.44,1671
72.0,0.87,0.0,48.0,1.65,16341.82,1672
75.0,0.87,1.0,36.0,1.7,7620.28,1673
62.0,0.98,0.0,72.0,1.65,13262.04,1674
70.0,0.95,0.0,48.0,1.6,27813.78,1675
67.0,0.93,0.0,48.0,1.7,4178.49,1676
72.0,0.98,0.0,48.0,1.7,772.65,1677
73.0,0.88,1.0,36.0,1.5,60415.29,1678
63.0,0.95,0.0,72.0,1.7,6084.36,1679
71.0,0.93,1.0,48.0,1.65,15212.85,1680
73.0,0.95,1.0,36.0,1.7,8290.36,1681
68.0,0.99,0.0,48.0,1.65,11422.93,1682
63.0,0.89,1.0,72.0,1.7,4771.45,1683
68.0,0.89,1.0,48.0,1.65,10427.2,1684
66.0,0.91,1.0,72.0,1.7,1039.36,1685
58.0,0.87,0.0,72.0,1.7,3186.65,1686
58.0,0.89,1.0,72.0,1.65,16015.09,1687
63.0,0.87,1.0,72.0,1.7,1400.05,1688
59.0,0.95,1.0,72.0,1.6,28241.11,1689
59.0,0.88,1.0,72.0,1.65,12508.61,1690
64.0,0.87,1.0,72.0,1.65,13518.33,1691
61.0,0.97,1.0,72.0,1.5,58659.32,1692
73.0,0.95,1.0,36.0,1.7,5539.41,1693
74.0,0.95,1.0,36.0,1.7,6743.78,1694
66.0,0.96,0.0,72.0,1.7,9359.39,1695
55.0,0.89,0.0,72.0,1.7,8503.81,1696
58.0,0.97,0.0,72.0,1.65,16029.02,1697
68.0,0.9,1.0,48.0,1.6,28277.43,1698
63.0,0.94,1.0,72.0,1.7,4008.86,1699
67.0,0.92,0.0,48.0,1.7,8392.59,1700
68.0,0.97,1.0,48.0,1.7,3112.58,1701
71.0,0.98,1.0,48.0,1.5,66329.67,1702
65.0,0.98,1.0,72.0,1.7,6037.33,1703
58.0,0.89,1.0,72.0,1.65,12576.37,1704
71.0,0.95,1.0,48.0,1.7,1780.21,1705
68.0,0.9,1.0,48.0,1.7,542.21,1706
68.0,0.93,1.0,48.0,1.65,16231.14,1707
66.0,0.89,0.0,72.0,1.7,9922.4,1708
72.0,0.89,0.0,48.0,1.65,15955.08,1709
75.0,0.89,1.0,36.0,1.7,7138.54,1710
68.0,0.91,1.0,48.0,1.7,6026.28,1711
73.0,0.99,1.0,36.0,1.7,2513.99,1712
71.0,0.87,1.0,48.0,1.7,1846.41,1713
61.0,0.91,0.0,72.0,1.7,6671.76,1714
71.0,0.89,1.0,48.0,1.7,8762.49,1715
58.0,0.96,0.0,72.0,1.6,24092.41,1716
68.0,0.92,0.0,48.0,1.7,8490.25,1717
74.0,0.92,0.0,36.0,1.6,29815.98,1718
65.0,0.88,1.0,72.0,1.7,6646.99,1719
65.0,0.91,1.0,72.0,1.65,12583.53,1720
60.0,0.89,1.0,72.0,1.7,2488.57,1721
62.0,0.89,1.0,72.0,1.7,8745.17,1722
56.0,0.9,0.0,72.0,1.7,2699.56,1723
70.0,0.88,1.0,48.0,1.7,7305.61,1724
59.0,0.93,1.0,72.0,1.5,64147.06,1725
73.0,0.9,0.0,36.0,1.6,28151.3,1726
71.0,0.9,1.0,48.0,1.7,5803.99,1727
57.0,0.92,1.0,72.0,1.7,7286.81,1728
57.0,0.92,0.0,72.0,1.7,2231.31,1729
60.0,0.88,0.0,72.0,1.7,4236.86,1730
61.0,0.91,1.0,72.0,1.7,6456.3,1731
61.0,0.87,1.0,72.0,1.7,8661.82,1732
68.0,0.9,1.0,48.0,1.7,1008.01,1733
58.0,0.87,0.0,72.0,1.7,6185.42,1734
62.0,0.88,1.0,72.0,1.7,7051.37,1735
69.0,0.92,1.0,48.0,1.7,1836.73,1736
65.0,0.92,0.0,72.0,1.7,9728.48,1737
68.0,0.93,1.0,48.0,1.6,23105.37,1738
64.0,0.91,1.0,72.0,1.7,4257.65,1739
62.0,0.89,0.0,72.0,1.7,2840.96,1740
73.0,0.91,1.0,36.0,1.6,25320.86,1741
70.0,0.94,1.0,48.0,1.7,2845.64,1742
66.0,0.96,1.0,72.0,1.7,1952.76,1743
67.0,0.94,0.0,48.0,1.65,18958.81,1744
70.0,0.94,1.0,48.0,1.7,7831.12,1745
74.0,0.99,0.0,36.0,1.65,11823.11,1746
71.0,0.93,0.0,48.0,1.7,7715.09,1747
72.0,0.95,1.0,48.0,1.7,6901.95,1748
72.0,0.88,0.0,48.0,1.6,28321.24,1749
57.0,0.99,0.0,72.0,1.7,9684.07,1750
65.0,0.97,1.0,72.0,1.7,7894.58,1751
62.0,0.9,1.0,72.0,1.7,5502.15,1752
71.0,0.95,0.0,48.0,1.6,27112.67,1753
60.0,0.94,1.0,72.0,1.7,4114.16,1754
57.0,0.99,0.0,72.0,1.7,7958.53,1755
69.0,0.93,0.0,48.0,1.7,3865.53,1756
66.0,0.94,1.0,72.0,1.7,2527.85,1757
64.0,0.98,1.0,72.0,1.7,6162.06,1758
65.0,0.91,1.0,72.0,1.6,20670.54,1759
71.0,0.96,0.0,48.0,1.65,18112.3,1760
65.0,0.87,1.0,72.0,1.7,5569.87,1761
71.0,0.9,1.0,48.0,1.65,17065.2,1762
62.0,0.97,1.0,72.0,1.7,5376.57,1763
60.0,0.9,0.0,72.0,1.65,16359.77,1764
62.0,0.96,0.0,72.0,1.65,11980.88,1765
59.0,0.94,1.0,72.0,1.6,26605.24,1766
61.0,0.95,1.0,72.0,1.7,8592.49,1767
61.0,0.91,1.0,72.0,1.7,4218.42,1768
68.0,0.97,0.0,48.0,1.6,23660.5,1769
69.0,0.98,1.0,48.0,1.7,2671.07,1770
72.0,0.92,1.0,48.0,1.7,2093.66,1771
68.0,0.88,0.0,48.0,1.7,2683.42,1772
62.0,0.91,1.0,72.0,1.7,5323.78,1773
59.0,0.89,1.0,72.0,1.7,8171.99,1774
68.0,0.92,1.0,48.0,1.6,23185.93,1775
67.0,0.89,0.0,48.0,1.7,6371.55,1776
61.0,0.9,1.0,72.0,1.7,7502.08,1777
56.0,0.89,0.0,72.0,1.7,2643.73,1778
69.0,0.94,0.0,48.0,1.7,7935.34,1779
56.0,0.92,1.0,72.0,1.7,4210.81,1780
60.0,0.95,1.0,72.0,1.7,7166.35,1781
57.0,0.96,1.0,72.0,1.7,8698.6,1782
72.0,0.89,1.0,48.0,1.7,9815.56,1783
65.0,0.88,0.0,72.0,1.7,7608.06,1784
56.0,0.89,1.0,72.0,1.7,2893.88,1785
70.0,0.97,1.0,48.0,1.7,4679.2,1786
71.0,0.88,1.0,48.0,1.7,5275.17,1787
67.0,0.89,0.0,48.0,1.65,18293.64,1788
72.0,0.91,1.0,48.0,1.7,9610.49,1789
71.0,0.92,1.0,48.0,1.7,718.99,1790
71.0,0.96,1.0,48.0,1.7,5859.81,1791
73.0,0.9,1.0,36.0,1.5,31981.07,1792
63.0,0.92,0.0,72.0,1.7,9044.91,1793
74.0,0.91,0.0,36.0,1.7,8547.31,1794
63.0,0.87,0.0,72.0,1.7,9540.92,1795
63.0,0.92,1.0,72.0,1.7,9638.84,1796
74.0,0.92,1.0,36.0,1.7,3995.48,1797
70.0,0.88,1.0,48.0,1.7,9854.04,1798
71.0,0.98,0.0,48.0,1.7,2488.29,1799
58.0,0.95,0.0,72.0,1.6,28394.3,1800
57.0,0.9,1.0,72.0,1.7,6719.17,1801
59.0,0.97,0.0,72.0,1.65,19567.71,1802
67.0,0.94,1.0,48.0,1.65,11562.93,1803
63.0,0.93,1.0,72.0,1.7,7545.69,1804
68.0,0.92,0.0,48.0,1.7,7864.33,1805
65.0,0.88,0.0,72.0,1.7,9677.2,1806
69.0,0.95,1.0,48.0,1.7,9158.76,1807
63.0,0.9,0.0,72.0,1.7,9982.88,1808
73.0,0.93,1.0,36.0,1.7,1154.46,1809
68.0,0.92,1.0,48.0,1.7,8498.16,1810
58.0,0.9,0.0,72.0,1.7,7247.76,1811
60.0,0.92,1.0,72.0,1.7,5988.59,1812
74.0,0.88,1.0,36.0,1.65,18312.91,1813
60.0,0.95,1.0,72.0,1.6,24441.18,1814
61.0,0.9,1.0,72.0,1.7,7359.92,1815
71.0,0.9,1.0,48.0,1.7,8486.63,1816
70.0,0.9,0.0,48.0,1.7,8932.43,1817
58.0,0.99,1.0,72.0,1.65,14185.87,1818
66.0,0.98,1.0,72.0,1.65,17100.04,1819
61.0,0.91,0.0,72.0,1.65,13253.54,1820
58.0,0.99,1.0,72.0,1.7,5797.84,1821
63.0,0.91,1.0,72.0,1.7,1907.4,1822
60.0,0.97,1.0,72.0,1.7,1864.69,1823
69.0,0.89,1.0,48.0,1.7,702.53,1824
65.0,0.96,1.0,72.0,1.7,5047.12,1825
67.0,0.97,1.0,48.0,1.5,56909.72,1826
61.0,0.91,1.0,72.0,1.6,27523.94,1827
59.0,0.98,1.0,72.0,1.7,2238.72,1828
65.0,0.94,1.0,72.0,1.7,5183.84,1829
72.0,0.87,0.0,48.0,1.6,27587.55,1830
74.0,0.95,1.0,36.0,1.5,59317.61,1831
66.0,0.93,1.0,72.0,1.7,5229.98,1832
69.0,0.9,0.0,48.0,1.65,16201.86,1833
64.0,0.95,1.0,72.0,1.7,6946.55,1834
71.0,0.95,0.0,48.0,1.65,18153.23,1835
68.0,0.94,1.0,48.0,1.7,5248.04,1836
68.0,0.99,1.0,48.0,1.7,5524.06,1837
65.0,0.89,1.0,72.0,1.65,19150.99,1838
75.0,0.99,1.0,36.0,1.7,9782.87,1839
75.0,0.92,1.0,36.0,1.6,21901.89,1840
56.0,0.91,1.0,72.0,1.7,7787.6,1841
58.0,0.88,1.0,72.0,1.7,860.94,1842
61.0,0.91,1.0,72.0,1.7,5606.67,1843
57.0,0.95,0.0,72.0,1.65,14779.9,1844
59.0,0.95,1.0,72.0,1.7,7822.15,1845
61.0,0.88,1.0,72.0,1.7,2372.3,1846
62.0,0.87,0.0,72.0,1.7,8847.46,1847
57.0,0.95,0.0,72.0,1.6,21858.21,1848
72.0,0.98,1.0,48.0,1.7,1295.11,1849
62.0,0.96,1.0,72.0,1.65,19044.96,1850
72.0,0.96,0.0,48.0,1.7,8064.13,1851
64.0,0.92,1.0,72.0,1.65,13441.47,1852
57.0,0.92,1.0,72.0,1.7,2167.95,1853
58.0,0.93,1.0,72.0,1.7,7301.48,1854
74.0,0.89,1.0,36.0,1.7,2698.7,1855
69.0,0.96,0.0,48.0,1.7,7582.07,1856
62.0,0.92,0.0,72.0,1.7,8323.18,1857
61.0,0.92,1.0,72.0,1.7,3615.82,1858
67.0,0.96,1.0,48.0,1.7,9596.53,1859
74.0,0.93,0.0,36.0,1.7,6572.39,1860
68.0,0.89,1.0,48.0,1.6,23346.82,1861
65.0,0.96,1.0,72.0,1.65,11221.03,1862
56.0,0.97,0.0,72.0,1.65,19675.45,1863
74.0,0.91,0.0,36.0,1.7,5227.33,1864
63.0,0.94,1.0,72.0,1.7,2543.83,1865
65.0,0.92,0.0,72.0,1.5,69875.58,1866
69.0,0.96,1.0,48.0,1.6,24302.94,1867
73.0,0.89,1.0,36.0,1.7,1606.05,1868
58.0,0.92,1.0,72.0,1.65,14237.26,1869
61.0,0.94,1.0,72.0,1.7,3421.24,1870
59.0,0.94,1.0,72.0,1.65,13893.32,1871
66.0,0.98,1.0,72.0,1.7,4943.75,1872
74.0,0.91,1.0,36.0,1.7,3874.45,1873
74.0,0.89,1.0,36.0,1.7,4284.01,1874
57.0,0.97,0.0,72.0,1.7,8326.27,1875
72.0,0.89,0.0,48.0,1.65,10674.47,1876
57.0,0.95,0.0,72.0,1.6,27279.15,1877
70.0,0.93,0.0,48.0,1.7,2438.23,1878
56.0,0.94,0.0,72.0,1.7,6418.9,1879
71.0,0.88,0.0,48.0,1.7,9414.99,1880
67.0,0.87,1.0,48.0,1.7,3814.21,1881
65.0,0.97,0.0,72.0,1.5,31589.89,1882
66.0,0.95,1.0,72.0,1.65,15020.68,1883
66.0,0.96,1.0,72.0,1.7,6594.06,1884
71.0,0.94,0.0,48.0,1.7,1339.79,1885
65.0,0.96,1.0,72.0,1.7,5160.41,1886
72.0,0.95,1.0,48.0,1.6,21347.06,1887
58.0,0.97,0.0,72.0,1.7,2592.57,1888
57.0,0.88,0.0,72.0,1.65,16376.58,1889
60.0,0.87,0.0,72.0,1.7,8109.51,1890
56.0,0.97,1.0,72.0,1.7,7332.0,1891
57.0,0.91,0.0,72.0,1.65,14952.79,1892
75.0,0.94,0.0,36.0,1.6,25857.37,1893
75.0,0.99,1.0,36.0,1.7,2430.29,1894
56.0,0.9,0.0,72.0,1.7,3995.41,1895
58.0,0.97,1.0,72.0,1.7,6059.04,1896
60.0,0.87,0.0,72.0,1.7,2149.44,1897
58.0,0.92,0.0,72.0,1.7,5912.02,1898
58.0,0.97,1.0,72.0,1.7,6129.08,1899
66.0,0.93,0.0,72.0,1.7,7788.78,1900
56.0,0.95,1.0,72.0,1.7,8788.9,1901
74.0,0.92,0.0,36.0,1.65,19527.38,1902
56.0,0.97,1.0,72.0,1.65,18755.89,1903
63.0,0.95,0.0,72.0,1.7,4766.33,1904
56.0,0.9,1.0,72.0,1.7,2566.29,1905
74.0,0.92,1.0,36.0,1.7,3027.07,1906
74.0,0.89,1.0,36.0,1.7,7074.73,1907
60.0,0.96,0.0,72.0,1.7,3882.97,1908
63.0,0.96,0.0,72.0,1.65,13550.14,1909
59.0,0.91,0.0,72.0,1.7,1893.47,1910
65.0,0.87,0.0,72.0,1.5,64524.3,1911
70.0,0.93,1.0,48.0,1.7,6994.28,1912
68.0,0.98,1.0,48.0,1.65,13656.5,1913
72.0,0.93,1.0,48.0,1.7,3144.75,1914
62.0,0.95,0.0,72.0,1.7,6999.66,1915
66.0,0.97,1.0,72.0,1.65,16840.94,1916
58.0,0.9,1.0,72.0,1.7,6243.92,1917
62.0,0.96,0.0,72.0,1.65,12013.39,1918
74.0,0.88,1.0,36.0,1.65,11116.37,1919
67.0,0.96,1.0,48.0,1.7,1442.84,1920
59.0,0.95,1.0,72.0,1.7,702.19,1921
59.0,0.91,1.0,72.0,1.7,2497.68,1922
59.0,0.99,0.0,72.0,1.65,10920.86,1923
62.0,0.98,0.0,72.0,1.7,638.5,1924
62.0,0.96,1.0,72.0,1.7,6264.64,1925
63.0,0.91,1.0,72.0,1.65,14976.24,1926
55.0,0.97,1.0,72.0,1.7,4869.81,1927
68.0,0.93,1.0,48.0,1.65,15808.62,1928
73.0,0.95,1.0,36.0,1.7,2492.62,1929
60.0,0.92,1.0,72.0,1.7,8568.71,1930
70.0,0.88,1.0,48.0,1.7,3492.03,1931
61.0,0.97,1.0,72.0,1.7,5849.13,1932
60.0,0.99,0.0,72.0,1.7,5743.73,1933
71.0,0.87,0.0,48.0,1.65,12177.44,1934
55.0,0.88,1.0,72.0,1.65,12730.62,1935
58.0,0.88,1.0,72.0,1.7,3161.14,1936
56.0,0.87,1.0,72.0,1.65,11126.51,1937
63.0,0.99,0.0,72.0,1.7,3715.66,1938
70.0,0.98,0.0,48.0,1.6,23786.74,1939
61.0,0.95,1.0,72.0,1.6,23554.59,1940
60.0,0.94,0.0,72.0,1.7,8691.73,1941
64.0,0.97,1.0,72.0,1.7,1367.85,1942
55.0,0.99,0.0,72.0,1.65,13428.3,1943
75.0,0.92,1.0,36.0,1.65,16481.71,1944
57.0,0.92,1.0,72.0,1.7,2104.37,1945
58.0,0.89,1.0,72.0,1.7,7771.81,1946
63.0,0.89,1.0,72.0,1.7,5316.45,1947
64.0,0.94,1.0,72.0,1.65,19742.64,1948
61.0,0.96,1.0,72.0,1.6,21775.25,1949
67.0,0.95,1.0,48.0,1.7,1200.67,1950
74.0,0.89,1.0,36.0,1.6,23917.83,1951
65.0,0.97,1.0,72.0,1.7,8935.28,1952
74.0,0.91,0.0,36.0,1.7,9883.5,1953
65.0,0.95,1.0,72.0,1.65,17772.67,1954
62.0,0.9,1.0,72.0,1.7,3443.53,1955
70.0,0.97,1.0,48.0,1.7,5489.79,1956
67.0,0.97,1.0,48.0,1.7,8372.77,1957
63.0,0.88,0.0,72.0,1.65,19833.55,1958
61.0,0.93,1.0,72.0,1.7,5646.64,1959
61.0,0.97,1.0,72.0,1.7,4203.96,1960
67.0,0.93,0.0,48.0,1.7,7841.53,1961
62.0,0.92,1.0,72.0,1.65,16347.02,1962
65.0,0.96,1.0,72.0,1.65,19888.49,1963
72.0,0.92,0.0,48.0,1.7,6577.76,1964
68.0,0.87,1.0,48.0,1.7,9747.56,1965
69.0,0.89,0.0,48.0,1.65,15259.52,1966
71.0,0.87,0.0,48.0,1.6,20087.72,1967
75.0,0.89,0.0,36.0,1.7,4671.44,1968
55.0,0.93,1.0,72.0,1.7,5150.39,1969
67.0,0.95,0.0,48.0,1.7,9459.82,1970
67.0,0.91,0.0,48.0,1.7,3513.43,1971
63.0,0.98,0.0,72.0,1.5,36383.1,1972
63.0,0.97,1.0,72.0,1.5,32639.19,1973
66.0,0.94,0.0,72.0,1.7,1757.62,1974
61.0,0.89,1.0,72.0,1.65,17579.07,1975
73.0,0.98,1.0,36.0,1.7,7109.13,1976
71.0,0.97,0.0,48.0,1.65,11957.33,1977
70.0,0.97,0.0,48.0,1.7,5323.16,1978
56.0,0.91,1.0,72.0,1.7,6306.84,1979
60.0,0.99,0.0,72.0,1.7,2046.42,1980
71.0,0.94,1.0,48.0,1.65,10225.57,1981
74.0,0.89,1.0,36.0,1.6,20743.39,1982
59.0,0.99,0.0,72.0,1.6,26316.82,1983
74.0,0.94,1.0,36.0,1.7,6320.92,1984
58.0,0.98,1.0,72.0,1.6,27389.56,1985
64.0,0.92,1.0,72.0,1.65,11195.23,1986
65.0,0.92,0.0,72.0,1.7,7180.23,1987
58.0,0.94,0.0,72.0,1.6,24366.78,1988
61.0,0.89,1.0,72.0,1.7,3440.16,1989
66.0,0.96,1.0,72.0,1.65,11969.02,1990
74.0,0.95,1.0,36.0,1.7,9177.23,1991
66.0,0.96,1.0,72.0,1.7,6156.16,1992
63.0,0.91,0.0,72.0,1.7,3491.59,1993
74.0,0.95,0.0,36.0,1.7,3553.9,1994
75.0,0.88,0.0,36.0,1.7,2081.08,1995
74.0,0.89,1.0,36.0,1.7,4053.19,1996
70.0,0.87,0.0,48.0,1.7,2485.82,1997
66.0,0.91,1.0,72.0,1.7,1245.28,1998
69.0,0.97,1.0,48.0,1.7,8829.74,1999
61.0,0.94,1.0,72.0,1.6,21984.17,2000
64.0,0.95,1.0,72.0,1.7,3124.41,2001
73.0,0.94,1.0,36.0,1.7,9818.44,2002
68.0,0.88,0.0,48.0,1.7,3850.95,2003
62.0,0.87,1.0,72.0,1.65,19539.27,2004
57.0,0.95,1.0,72.0,1.65,17307.08,2005
58.0,0.9,0.0,72.0,1.7,1138.98,2006
57.0,0.94,1.0,72.0,1.7,5210.8,2007
55.0,0.88,0.0,72.0,1.65,19215.48,2008
59.0,0.91,0.0,72.0,1.5,50945.59,2009
67.0,0.98,0.0,48.0,1.5,53229.23,2010
62.0,0.93,0.0,72.0,1.7,8349.56,2011
73.0,0.89,1.0,36.0,1.7,9231.59,2012
63.0,0.92,1.0,72.0,1.7,1750.54,2013
56.0,0.93,0.0,72.0,1.65,14306.69,2014
63.0,0.98,0.0,72.0,1.7,7600.62,2015
59.0,0.88,1.0,72.0,1.5,65626.74,2016
73.0,0.96,1.0,36.0,1.5,44429.07,2017
68.0,0.99,0.0,48.0,1.7,7439.12,2018
67.0,0.97,0.0,48.0,1.7,2725.51,2019
73.0,0.98,1.0,36.0,1.65,19822.08,2020
63.0,0.91,1.0,72.0,1.7,6713.67,2021
68.0,0.9,0.0,48.0,1.65,16966.74,2022
60.0,0.98,0.0,72.0,1.6,21522.69,2023
69.0,0.95,1.0,48.0,1.6,22008.77,2024
60.0,0.89,1.0,72.0,1.6,23229.51,2025
64.0,0.91,0.0,72.0,1.7,3583.18,2026
73.0,0.93,0.0,36.0,1.65,17041.83,2027
55.0,0.95,1.0,72.0,1.65,15024.52,2028
57.0,0.98,0.0,72.0,1.6,29224.91,2029
69.0,0.92,1.0,48.0,1.6,26099.43,2030
73.0,0.91,1.0,36.0,1.65,16504.58,2031
63.0,0.96,1.0,72.0,1.6,28921.72,2032
71.0,0.96,0.0,48.0,1.7,5824.29,2033
61.0,0.92,1.0,72.0,1.7,3664.74,2034
56.0,0.92,0.0,72.0,1.7,2010.58,2035
56.0,0.95,0.0,72.0,1.7,4684.89,2036
71.0,0.93,1.0,48.0,1.7,816.54,2037
59.0,0.89,0.0,72.0,1.7,1201.54,2038
64.0,0.93,1.0,72.0,1.7,8607.15,2039
69.0,0.97,1.0,48.0,1.65,12174.86,2040
63.0,0.89,0.0,72.0,1.7,4616.36,2041
74.0,0.9,1.0,36.0,1.7,8267.54,2042
68.0,0.95,0.0,48.0,1.7,1397.15,2043
69.0,0.98,0.0,48.0,1.65,11376.92,2044
62.0,0.98,1.0,72.0,1.7,6222.53,2045
65.0,0.94,1.0,72.0,1.7,5376.54,2046
58.0,0.95,1.0,72.0,1.7,4631.27,2047
73.0,0.99,1.0,36.0,1.65,11702.58,2048
68.0,0.99,1.0,48.0,1.65,12609.8,2049
62.0,0.89,1.0,72.0,1.6,20886.41,2050
74.0,0.99,0.0,36.0,1.7,748.0,2051
65.0,0.99,1.0,72.0,1.7,2541.51,2052
71.0,0.94,1.0,48.0,1.6,21006.75,2053
70.0,0.9,0.0,48.0,1.7,3774.48,2054
70.0,0.87,0.0,48.0,1.7,1505.03,2055
71.0,0.89,0.0,48.0,1.65,10306.48,2056
61.0,0.98,0.0,72.0,1.7,4321.71,2057
56.0,0.98,1.0,72.0,1.7,9867.9,2058
60.0,0.96,1.0,72.0,1.7,4514.44,2059
56.0,0.97,0.0,72.0,1.6,21870.72,2060
73.0,0.95,0.0,36.0,1.7,4209.68,2061
65.0,0.96,0.0,72.0,1.7,4636.21,2062
55.0,0.93,0.0,72.0,1.7,594.73,2063
68.0,0.91,0.0,48.0,1.7,7681.82,2064
63.0,0.94,0.0,72.0,1.7,8716.95,2065
58.0,0.92,1.0,72.0,1.5,32727.37,2066
61.0,0.98,0.0,72.0,1.7,8120.06,2067
60.0,0.99,1.0,72.0,1.7,3321.47,2068
58.0,0.97,0.0,72.0,1.65,13989.16,2069
58.0,0.88,1.0,72.0,1.7,4268.29,2070
69.0,0.91,1.0,48.0,1.7,4400.08,2071
68.0,0.87,1.0,48.0,1.5,64116.67,2072
65.0,0.94,0.0,72.0,1.7,2373.71,2073
69.0,0.93,0.0,48.0,1.7,1349.24,2074
69.0,0.89,1.0,48.0,1.65,16129.27,2075
60.0,0.9,0.0,72.0,1.7,2152.15,2076
74.0,0.94,1.0,36.0,1.5,40606.22,2077
64.0,0.94,1.0,72.0,1.65,13938.81,2078
68.0,0.97,1.0,48.0,1.7,7699.57,2079
63.0,0.98,1.0,72.0,1.7,9652.44,2080
66.0,0.95,1.0,72.0,1.65,13977.57,2081
60.0,0.98,1.0,72.0,1.7,9623.17,2082
74.0,0.88,0.0,36.0,1.7,9532.93,2083
63.0,0.88,1.0,72.0,1.7,8559.59,2084
56.0,0.87,1.0,72.0,1.5,65623.97,2085
61.0,0.98,1.0,72.0,1.6,22962.52,2086
57.0,0.96,1.0,72.0,1.65,17446.12,2087
61.0,0.93,1.0,72.0,1.7,1004.45,2088
56.0,0.96,0.0,72.0,1.7,698.07,2089
72.0,0.89,0.0,48.0,1.7,6137.16,2090
75.0,0.91,0.0,36.0,1.7,1024.81,2091
67.0,0.95,1.0,48.0,1.7,2789.9,2092
57.0,0.9,0.0,72.0,1.7,6237.18,2093
68.0,0.88,1.0,48.0,1.5,60991.97,2094
69.0,0.97,1.0,48.0,1.7,8319.97,2095
57.0,0.94,1.0,72.0,1.7,9904.74,2096
63.0,0.94,0.0,72.0,1.7,686.49,2097
64.0,0.89,1.0,72.0,1.7,4066.21,2098
63.0,0.93,1.0,72.0,1.5,35175.05,2099
65.0,0.91,0.0,72.0,1.65,16817.72,2100
63.0,0.97,1.0,72.0,1.7,2634.38,2101
71.0,0.98,0.0,48.0,1.7,7555.4,2102
72.0,0.98,1.0,48.0,1.7,4752.77,2103
60.0,0.97,1.0,72.0,1.6,27926.73,2104
59.0,0.93,1.0,72.0,1.7,5242.57,2105
56.0,0.97,1.0,72.0,1.7,1682.01,2106
67.0,0.98,1.0,48.0,1.7,3853.77,2107
59.0,0.97,1.0,72.0,1.7,4075.67,2108
59.0,0.87,0.0,72.0,1.7,7256.31,2109
58.0,0.93,1.0,72.0,1.7,6191.17,2110
55.0,0.98,1.0,72.0,1.7,5482.81,2111
72.0,0.93,1.0,48.0,1.7,4919.91,2112
57.0,0.88,1.0,72.0,1.65,17601.05,2113
61.0,0.95,1.0,72.0,1.7,9645.61,2114
63.0,0.88,1.0,72.0,1.65,11619.98,2115
60.0,0.93,0.0,72.0,1.7,1791.04,2116
61.0,0.96,1.0,72.0,1.7,6504.89,2117
61.0,0.88,1.0,72.0,1.5,32447.64,2118
69.0,0.92,1.0,48.0,1.7,4731.6,2119
67.0,0.94,0.0,48.0,1.6,26987.43,2120
56.0,0.88,0.0,72.0,1.6,27698.23,2121
64.0,0.91,1.0,72.0,1.65,17893.47,2122
60.0,0.98,1.0,72.0,1.7,5819.53,2123
66.0,0.89,1.0,72.0,1.7,4271.11,2124
59.0,0.89,1.0,72.0,1.7,7036.4,2125
68.0,0.88,0.0,48.0,1.65,19876.44,2126
74.0,0.89,1.0,36.0,1.6,25574.58,2127
56.0,0.98,0.0,72.0,1.5,60987.67,2128
60.0,0.99,0.0,72.0,1.7,1663.64,2129
61.0,0.88,1.0,72.0,1.5,34242.58,2130
57.0,0.89,1.0,72.0,1.65,15153.09,2131
68.0,0.99,1.0,48.0,1.7,9611.88,2132
66.0,0.96,1.0,72.0,1.7,568.07,2133
59.0,0.98,1.0,72.0,1.65,13449.9,2134
65.0,0.96,0.0,72.0,1.7,8408.77,2135
63.0,0.97,0.0,72.0,1.7,5070.12,2136
71.0,0.95,0.0,48.0,1.5,44959.64,2137
70.0,0.89,1.0,48.0,1.7,8936.7,2138
65.0,0.88,1.0,72.0,1.7,9397.8,2139
62.0,0.88,1.0,72.0,1.7,4470.59,2140
70.0,0.89,1.0,48.0,1.6,24986.52,2141
57.0,0.94,1.0,72.0,1.7,7465.22,2142
60.0,0.95,0.0,72.0,1.65,13738.12,2143
67.0,0.89,1.0,48.0,1.6,20874.25,2144
58.0,0.92,1.0,72.0,1.7,2187.47,2145
59.0,0.92,1.0,72.0,1.6,23800.74,2146
63.0,0.93,0.0,72.0,1.7,1223.44,2147
56.0,0.92,1.0,72.0,1.7,6053.08,2148
67.0,0.99,1.0,48.0,1.65,13710.38,2149
65.0,0.9,0.0,72.0,1.7,5690.13,2150
67.0,0.9,1.0,48.0,1.7,5973.48,2151
67.0,0.97,0.0,48.0,1.6,25076.04,2152
61.0,0.91,1.0,72.0,1.7,2913.24,2153
70.0,0.9,1.0,48.0,1.65,12646.35,2154
72.0,0.95,0.0,48.0,1.7,4179.12,2155
71.0,0.89,1.0,48.0,1.5,49848.68,2156
73.0,0.87,1.0,36.0,1.7,4531.76,2157
65.0,0.98,0.0,72.0,1.7,1405.11,2158
62.0,0.92,0.0,72.0,1.6,20588.15,2159
70.0,0.98,0.0,48.0,1.7,1983.16,2160
67.0,0.98,0.0,48.0,1.7,4747.76,2161
69.0,0.96,1.0,48.0,1.65,10856.14,2162
65.0,0.87,1.0,72.0,1.7,9772.41,2163
63.0,0.96,0.0,72.0,1.7,3620.38,2164
66.0,0.93,1.0,72.0,1.7,9780.57,2165
62.0,0.88,1.0,72.0,1.7,6206.95,2166
66.0,0.95,1.0,72.0,1.65,15586.37,2167
68.0,0.91,0.0,48.0,1.7,1280.11,2168
71.0,0.97,1.0,48.0,1.7,8834.26,2169
66.0,0.89,0.0,72.0,1.7,9350.23,2170
56.0,0.88,1.0,72.0,1.7,2507.57,2171
71.0,0.96,1.0,48.0,1.6,25078.41,2172
56.0,0.88,1.0,72.0,1.7,6797.96,2173
71.0,0.96,1.0,48.0,1.7,1359.61,2174
65.0,0.99,0.0,72.0,1.7,3416.83,2175
55.0,0.95,1.0,72.0,1.7,4540.2,2176
71.0,0.96,1.0,48.0,1.5,40118.9,2177
68.0,0.91,0.0,48.0,1.6,25596.54,2178
67.0,0.92,1.0,48.0,1.7,6558.87,2179
65.0,0.9,1.0,72.0,1.7,1077.41,2180
71.0,0.98,1.0,48.0,1.7,5054.61,2181
62.0,0.93,0.0,72.0,1.7,1649.23,2182
58.0,0.91,1.0,72.0,1.7,8890.06,2183
60.0,0.95,1.0,72.0,1.5,59097.53,2184
57.0,0.89,1.0,72.0,1.7,3548.19,2185
66.0,0.95,0.0,72.0,1.7,9661.66,2186
56.0,0.91,1.0,72.0,1.7,4891.5,2187
69.0,0.88,0.0,48.0,1.7,5718.93,2188
59.0,0.9,1.0,72.0,1.65,19912.31,2189
63.0,0.99,0.0,72.0,1.7,9527.11,2190
61.0,0.87,1.0,72.0,1.65,10297.32,2191
55.0,0.9,1.0,72.0,1.7,8323.9,2192
65.0,0.95,0.0,72.0,1.65,13934.72,2193
56.0,0.9,0.0,72.0,1.65,14910.66,2194
71.0,0.97,1.0,48.0,1.7,6084.27,2195
74.0,0.92,0.0,36.0,1.7,4077.41,2196
71.0,0.96,0.0,48.0,1.7,8551.64,2197
62.0,0.96,0.0,72.0,1.7,1052.4,2198
62.0,0.89,1.0,72.0,1.65,19927.72,2199
60.0,0.94,0.0,72.0,1.7,4788.8,2200
72.0,0.95,1.0,48.0,1.7,2517.12,2201
68.0,0.95,1.0,48.0,1.7,8616.87,2202
66.0,0.9,1.0,72.0,1.7,5316.23,2203
60.0,0.89,0.0,72.0,1.7,3274.81,2204
70.0,0.91,1.0,48.0,1.7,7769.14,2205
61.0,0.98,0.0,72.0,1.7,9449.4,2206
64.0,0.93,1.0,72.0,1.7,4779.7,2207
73.0,0.97,0.0,36.0,1.7,4109.29,2208
68.0,0.88,1.0,48.0,1.6,29504.09,2209
66.0,0.96,1.0,72.0,1.7,969.36,2210
70.0,0.96,1.0,48.0,1.7,6591.29,2211
60.0,0.92,0.0,72.0,1.7,1807.35,2212
59.0,0.9,1.0,72.0,1.7,2862.68,2213
64.0,0.91,0.0,72.0,1.7,8189.75,2214
68.0,0.96,1.0,48.0,1.7,1745.33,2215
63.0,0.94,1.0,72.0,1.7,2646.98,2216
68.0,0.88,1.0,48.0,1.7,7031.32,2217
58.0,0.97,0.0,72.0,1.6,21008.1,2218
74.0,0.93,1.0,36.0,1.7,7510.76,2219
62.0,0.98,0.0,72.0,1.7,5283.28,2220
73.0,0.97,0.0,36.0,1.7,6041.8,2221
71.0,0.87,1.0,48.0,1.7,9464.57,2222
55.0,0.98,1.0,72.0,1.7,6579.14,2223
71.0,0.94,1.0,48.0,1.65,11422.0,2224
56.0,0.96,0.0,72.0,1.7,8490.63,2225
63.0,0.9,1.0,72.0,1.7,2112.42,2226
60.0,0.97,1.0,72.0,1.6,23352.38,2227
62.0,0.95,1.0,72.0,1.7,8565.0,2228
58.0,0.89,1.0,72.0,1.65,14621.87,2229
66.0,0.88,0.0,72.0,1.7,8267.59,2230
59.0,0.99,1.0,72.0,1.7,9855.25,2231
67.0,0.92,1.0,48.0,1.65,17072.87,2232
59.0,0.9,0.0,72.0,1.7,5059.14,2233
69.0,0.89,0.0,48.0,1.65,12549.53,2234
69.0,0.93,1.0,48.0,1.7,6601.9,2235
58.0,0.97,0.0,72.0,1.7,4687.5,2236
65.0,0.9,0.0,72.0,1.7,2505.32,2237
62.0,0.92,1.0,72.0,1.7,8791.15,2238
65.0,0.97,1.0,72.0,1.65,11308.47,2239
66.0,0.92,0.0,72.0,1.7,6815.23,2240
72.0,0.96,1.0,48.0,1.65,15077.65,2241
67.0,0.93,1.0,48.0,1.6,29266.62,2242
67.0,0.91,0.0,48.0,1.65,14934.61,2243
66.0,0.87,1.0,72.0,1.65,19054.99,2244
72.0,0.96,0.0,48.0,1.65,15380.21,2245
68.0,0.89,1.0,48.0,1.7,8361.53,2246
69.0,0.97,1.0,48.0,1.7,6954.11,2247
67.0,0.92,1.0,48.0,1.7,6507.52,2248
66.0,0.96,0.0,72.0,1.65,19837.09,2249
56.0,0.91,0.0,72.0,1.7,6597.64,2250
73.0,0.88,1.0,36.0,1.7,1393.24,2251
65.0,0.98,0.0,72.0,1.5,54770.07,2252
70.0,0.87,1.0,48.0,1.7,8374.62,2253
64.0,0.89,0.0,72.0,1.7,4921.68,2254
56.0,0.95,1.0,72.0,1.6,27990.26,2255
69.0,0.87,0.0,48.0,1.65,11997.79,2256
65.0,0.98,1.0,72.0,1.7,6407.41,2257
63.0,0.95,0.0,72.0,1.6,26947.76,2258
61.0,0.88,1.0,72.0,1.65,17553.33,2259
68.0,0.93,0.0,48.0,1.65,19376.57,2260
70.0,0.93,1.0,48.0,1.5,50079.45,2261
74.0,0.93,1.0,36.0,1.5,56627.57,2262
62.0,0.88,1.0,72.0,1.65,15652.69,2263
60.0,0.96,0.0,72.0,1.6,20167.44,2264
61.0,0.88,0.0,72.0,1.7,568.49,2265
61.0,0.95,0.0,72.0,1.7,6722.71,2266
57.0,0.87,1.0,72.0,1.7,7989.83,2267
75.0,0.98,1.0,36.0,1.65,13406.55,2268
58.0,0.95,0.0,72.0,1.7,5853.47,2269
68.0,0.97,0.0,48.0,1.7,9655.75,2270
65.0,0.92,1.0,72.0,1.7,6897.28,2271
59.0,0.87,1.0,72.0,1.65,16785.09,2272
71.0,0.9,1.0,48.0,1.6,24906.18,2273
65.0,0.88,0.0,72.0,1.7,6731.1,2274
66.0,0.98,0.0,72.0,1.5,66745.23,2275
65.0,0.95,1.0,72.0,1.7,3951.26,2276
68.0,0.93,1.0,48.0,1.7,2322.43,2277
55.0,0.93,1.0,72.0,1.7,9996.19,2278
71.0,0.87,1.0,48.0,1.7,1775.84,2279
60.0,0.89,1.0,72.0,1.6,21900.79,2280
56.0,0.88,1.0,72.0,1.7,8293.4,2281
69.0,0.97,0.0,48.0,1.5,64910.25,2282
65.0,0.88,0.0,72.0,1.7,6478.62,2283
70.0,0.89,1.0,48.0,1.7,3108.31,2284
71.0,0.94,1.0,48.0,1.65,12530.72,2285
70.0,0.97,0.0,48.0,1.65,12403.48,2286
57.0,0.89,0.0,72.0,1.7,5687.41,2287
71.0,0.99,1.0,48.0,1.7,7742.99,2288
59.0,0.88,1.0,72.0,1.7,5710.34,2289
58.0,0.92,0.0,72.0,1.5,58143.62,2290
66.0,0.96,1.0,72.0,1.5,36871.26,2291
59.0,0.92,1.0,72.0,1.7,4656.54,2292
71.0,0.94,0.0,48.0,1.7,9312.19,2293
68.0,0.96,0.0,48.0,1.65,12534.69,2294
64.0,0.92,0.0,72.0,1.65,14533.84,2295
73.0,0.87,1.0,36.0,1.65,19288.67,2296
61.0,0.98,0.0,72.0,1.7,5835.91,2297
69.0,0.9,1.0,48.0,1.7,8711.3,2298
69.0,0.95,1.0,48.0,1.7,4868.24,2299
70.0,0.91,1.0,48.0,1.7,1962.02,2300
65.0,0.87,0.0,72.0,1.6,29100.2,2301
68.0,0.96,0.0,48.0,1.7,1991.19,2302
62.0,0.98,0.0,72.0,1.5,62017.1,2303
55.0,0.93,1.0,72.0,1.5,67918.44,2304
63.0,0.87,0.0,72.0,1.7,7532.83,2305
72.0,0.94,0.0,48.0,1.5,63054.93,2306
63.0,0.97,1.0,72.0,1.7,8774.68,2307
58.0,0.88,1.0,72.0,1.7,7974.17,2308
66.0,0.88,0.0,72.0,1.6,24101.56,2309
75.0,0.97,1.0,36.0,1.7,992.31,2310
61.0,0.95,1.0,72.0,1.7,8288.53,2311
56.0,0.88,1.0,72.0,1.7,2895.39,2312
68.0,0.89,1.0,48.0,1.65,18676.98,2313
60.0,0.91,1.0,72.0,1.65,13433.85,2314
70.0,0.96,0.0,48.0,1.65,17055.25,2315
68.0,0.93,0.0,48.0,1.7,2397.1,2316
71.0,0.93,1.0,48.0,1.6,27179.57,2317
63.0,0.92,0.0,72.0,1.7,7627.4,2318
63.0,0.93,1.0,72.0,1.5,50334.56,2319
56.0,0.92,1.0,72.0,1.7,5675.19,2320
58.0,0.98,1.0,72.0,1.7,8360.7,2321
65.0,0.89,1.0,72.0,1.65,18432.85,2322
63.0,0.92,1.0,72.0,1.7,3535.72,2323
74.0,0.95,0.0,36.0,1.7,9131.09,2324
63.0,0.95,1.0,72.0,1.7,765.36,2325
64.0,0.89,1.0,72.0,1.7,2290.94,2326
70.0,0.93,1.0,48.0,1.7,4970.3,2327
65.0,0.93,1.0,72.0,1.6,25561.89,2328
66.0,0.96,0.0,72.0,1.65,19424.73,2329
56.0,0.93,1.0,72.0,1.65,10042.74,2330
58.0,0.97,0.0,72.0,1.7,1060.89,2331
71.0,0.87,0.0,48.0,1.6,22705.49,2332
58.0,0.9,1.0,72.0,1.7,8480.85,2333
71.0,0.92,1.0,48.0,1.65,14648.88,2334
64.0,0.93,0.0,72.0,1.5,43441.86,2335
66.0,0.89,1.0,72.0,1.65,14512.13,2336
61.0,0.93,1.0,72.0,1.6,24475.36,2337
69.0,0.91,1.0,48.0,1.7,1230.91,2338
64.0,0.97,1.0,72.0,1.7,5140.67,2339
64.0,0.87,1.0,72.0,1.5,68779.15,2340
70.0,0.88,1.0,48.0,1.65,15256.15,2341
69.0,0.96,0.0,48.0,1.7,8705.5,2342
71.0,0.97,0.0,48.0,1.6,22255.82,2343
64.0,0.92,1.0,72.0,1.65,13302.37,2344
67.0,0.89,1.0,48.0,1.6,24324.44,2345
73.0,0.98,1.0,36.0,1.7,5204.47,2346
75.0,0.92,0.0,36.0,1.7,7413.41,2347
70.0,0.88,0.0,48.0,1.7,8482.22,2348
71.0,0.98,1.0,48.0,1.65,11234.79,2349
75.0,0.96,0.0,36.0,1.7,3465.55,2350
62.0,0.87,1.0,72.0,1.7,8727.47,2351
56.0,0.9,1.0,72.0,1.7,5371.26,2352
72.0,0.92,1.0,48.0,1.7,3073.14,2353
55.0,0.9,0.0,72.0,1.7,627.89,2354
67.0,0.93,0.0,48.0,1.7,4509.14,2355
55.0,0.89,0.0,72.0,1.65,16969.93,2356
56.0,0.93,1.0,72.0,1.7,6728.11,2357
65.0,0.94,1.0,72.0,1.7,4491.51,2358
57.0,0.95,1.0,72.0,1.7,6981.89,2359
56.0,0.97,1.0,72.0,1.7,6168.8,2360
73.0,0.99,1.0,36.0,1.7,5025.89,2361
72.0,0.95,1.0,48.0,1.7,8773.95,2362
56.0,0.98,0.0,72.0,1.7,967.89,2363
62.0,0.92,1.0,72.0,1.65,10730.52,2364
58.0,0.88,0.0,72.0,1.6,22658.59,2365
72.0,0.91,1.0,48.0,1.7,1446.17,2366
71.0,0.96,0.0,48.0,1.7,4979.4,2367
57.0,0.96,1.0,72.0,1.65,14664.74,2368
64.0,0.95,1.0,72.0,1.7,9818.31,2369
71.0,0.94,0.0,48.0,1.7,738.7,2370
62.0,0.96,1.0,72.0,1.7,2033.75,2371
64.0,0.93,0.0,72.0,1.65,19735.34,2372
55.0,0.9,0.0,72.0,1.7,3677.85,2373
67.0,0.94,0.0,48.0,1.7,9332.39,2374
71.0,0.93,1.0,48.0,1.65,10900.31,2375
62.0,0.96,0.0,72.0,1.7,4214.95,2376
58.0,0.92,1.0,72.0,1.6,22545.87,2377
58.0,0.9,1.0,72.0,1.7,3366.75,2378
64.0,0.95,1.0,72.0,1.7,3067.06,2379
55.0,0.91,0.0,72.0,1.65,10888.19,2380
58.0,0.88,0.0,72.0,1.7,7128.63,2381
65.0,0.91,1.0,72.0,1.65,18543.28,2382
56.0,0.98,1.0,72.0,1.65,19671.62,2383
75.0,0.93,0.0,36.0,1.7,9441.78,2384
60.0,0.96,0.0,72.0,1.5,63380.06,2385
64.0,0.94,1.0,72.0,1.7,2919.22,2386
57.0,0.96,1.0,72.0,1.7,2561.26,2387
62.0,0.92,1.0,72.0,1.7,6552.34,2388
73.0,0.94,1.0,36.0,1.65,11395.8,2389
74.0,0.95,1.0,36.0,1.65,17542.47,2390
56.0,0.88,1.0,72.0,1.7,4119.59,2391
57.0,0.99,0.0,72.0,1.7,5562.87,2392
57.0,0.92,0.0,72.0,1.7,3927.09,2393
70.0,0.87,1.0,48.0,1.7,5085.66,2394
59.0,0.89,0.0,72.0,1.7,8263.53,2395
74.0,0.88,1.0,36.0,1.6,24394.36,2396
72.0,0.97,1.0,48.0,1.7,2139.71,2397
62.0,0.87,1.0,72.0,1.65,16938.18,2398
66.0,0.98,1.0,72.0,1.7,4104.95,2399
71.0,0.97,1.0,48.0,1.6,23601.42,2400
63.0,0.95,1.0,72.0,1.6,26864.89,2401
61.0,0.88,1.0,72.0,1.7,5439.09,2402
58.0,0.88,0.0,72.0,1.65,10333.54,2403
71.0,0.98,0.0,48.0,1.6,20719.39,2404
75.0,0.98,1.0,36.0,1.65,14395.62,2405
57.0,0.97,1.0,72.0,1.7,7327.61,2406
60.0,0.91,1.0,72.0,1.7,9334.23,2407
62.0,0.97,1.0,72.0,1.6,22467.09,2408
61.0,0.93,1.0,72.0,1.6,23647.78,2409
72.0,0.9,1.0,48.0,1.7,5088.65,2410
72.0,0.96,0.0,48.0,1.65,13137.61,2411
63.0,0.91,1.0,72.0,1.6,23086.57,2412
64.0,0.99,1.0,72.0,1.7,1943.01,2413
66.0,0.9,1.0,72.0,1.6,29888.83,2414
68.0,0.88,1.0,48.0,1.7,1506.53,2415
68.0,0.88,0.0,48.0,1.7,6166.02,2416
65.0,0.89,1.0,72.0,1.65,17092.33,2417
68.0,0.93,1.0,48.0,1.7,7487.53,2418
63.0,0.91,0.0,72.0,1.7,819.05,2419
59.0,0.94,0.0,72.0,1.7,4164.65,2420
56.0,0.94,0.0,72.0,1.7,2745.47,2421
65.0,0.99,0.0,72.0,1.7,4338.6,2422
63.0,0.89,1.0,72.0,1.7,4312.32,2423
63.0,0.89,1.0,72.0,1.7,6457.71,2424
64.0,0.91,1.0,72.0,1.65,12727.6,2425
60.0,0.97,1.0,72.0,1.65,15725.75,2426
55.0,0.94,0.0,72.0,1.65,15091.8,2427
57.0,0.9,0.0,72.0,1.7,3323.01,2428
62.0,0.94,0.0,72.0,1.6,25418.22,2429
67.0,0.89,0.0,48.0,1.7,3628.57,2430
67.0,0.99,1.0,48.0,1.7,3904.37,2431
61.0,0.88,0.0,72.0,1.7,6020.16,2432
70.0,0.99,1.0,48.0,1.5,34214.97,2433
72.0,0.94,0.0,48.0,1.7,8970.95,2434
73.0,0.9,1.0,36.0,1.65,15789.9,2435
68.0,0.92,1.0,48.0,1.65,11523.55,2436
71.0,0.93,0.0,48.0,1.7,5516.24,2437
57.0,0.97,1.0,72.0,1.65,17572.62,2438
68.0,0.97,1.0,48.0,1.5,32632.56,2439
56.0,0.91,1.0,72.0,1.6,22730.64,2440
65.0,0.95,0.0,72.0,1.7,3369.67,2441
59.0,0.94,1.0,72.0,1.6,20731.52,2442
63.0,0.96,0.0,72.0,1.7,641.32,2443
65.0,0.95,1.0,72.0,1.7,8475.66,2444
66.0,0.97,0.0,72.0,1.7,9540.16,2445
63.0,0.96,1.0,72.0,1.7,5091.85,2446
56.0,0.98,0.0,72.0,1.5,59123.82,2447
61.0,0.92,0.0,72.0,1.7,7317.35,2448
74.0,0.99,0.0,36.0,1.6,24653.26,2449
